timestamp,body_region,pressure_avg,pressure_variation,motor_current,skin_temperature,posture_angle,emg_activity,massage_intensity,session_duration,discomfort_level,reference_stiffness,is_stiff
2026-08-01 09:00:00,Middle_Back,18.33,2.2,0.74,34.22,17.71,0.57,22.33,15.8,4,58.24,0
2026-08-01 09:01:00,Lower_Back,34.39,2.11,0.84,34.92,21.3,0.19,31.21,15.31,1,43.94,0
2026-08-01 09:02:00,Lower_Back,49.28,6.39,0.4,34.78,38.45,0.75,69.87,6.44,6,98.81,1
2026-08-01 09:03:00,Middle_Back,42.95,2.12,0.7,32.96,15.3,0.54,66.01,18.84,3,52.71,0
2026-08-01 09:04:00,Upper_Back,46.3,2.27,0.66,32.95,39.13,0.18,41.04,13.53,4,54.95,0
2026-08-01 09:05:00,Upper_Back,39.65,5.44,0.87,33.3,3.97,0.82,42.61,10.46,0,18.27,0
2026-08-01 09:06:00,Upper_Back,41.15,3.42,0.92,33.58,34.96,0.46,52.01,16.35,0,65.63,0
2026-08-01 09:07:00,Lower_Back,48.21,5.55,0.21,33.73,38.14,0.11,20.01,8.86,6,54.47,0
2026-08-01 09:08:00,Lower_Back,21.24,0.92,0.74,34.54,8.18,0.55,34.47,15.4,1,26.03,0
2026-08-01 09:09:00,Lower_Back,32.02,3.67,0.24,32.67,19.37,0.25,32.49,5.6,5,35.0,0
2026-08-01 09:10:00,Upper_Back,19.95,0.72,0.64,32.6,7.45,0.69,35.03,17.59,0,44.88,0
2026-08-01 09:11:00,Lower_Back,54.45,0.91,0.43,33.68,31.8,0.7,68.35,11.72,7,100.0,1
2026-08-01 09:12:00,Lower_Back,52.48,6.39,0.45,34.59,24.09,0.83,36.78,14.55,0,72.73,1
2026-08-01 09:13:00,Upper_Back,11.77,1.41,0.48,33.08,28.59,0.45,31.49,8.32,0,30.85,0
2026-08-01 09:14:00,Upper_Back,41.75,3.96,0.7,34.42,8.84,0.41,50.26,15.16,3,24.01,0
2026-08-01 09:15:00,Upper_Back,51.64,3.17,0.47,33.28,9.53,0.65,71.94,16.58,0,49.57,0
2026-08-01 09:16:00,Middle_Back,18.13,2.76,0.79,35.16,1.87,0.16,34.48,12.1,2,27.62,0
2026-08-01 09:17:00,Middle_Back,35.56,6.35,0.52,35.19,14.49,0.49,24.71,14.27,4,38.41,0
2026-08-01 09:18:00,Middle_Back,51.2,0.64,0.25,33.39,25.19,0.49,41.38,11.84,6,36.7,0
2026-08-01 09:19:00,Upper_Back,11.53,4.81,0.83,33.19,38.61,0.12,64.86,18.41,0,48.69,0
2026-08-01 09:20:00,Lower_Back,41.38,6.76,0.43,33.73,30.01,0.38,53.04,12.47,5,73.92,1
2026-08-01 09:21:00,Upper_Back,23.38,4.14,0.55,33.22,19.59,0.73,69.01,17.63,7,38.06,0
2026-08-01 09:22:00,Upper_Back,51.6,6.59,0.75,34.52,42.89,0.73,77.58,17.02,5,94.21,1
2026-08-01 09:23:00,Middle_Back,53.7,0.84,0.47,34.98,32.37,0.13,67.56,11.16,0,59.28,0
2026-08-01 09:24:00,Middle_Back,52.49,3.22,0.25,34.52,41.86,0.12,56.23,8.45,0,59.57,0
2026-08-01 09:25:00,Lower_Back,31.34,2.19,0.5,34.97,23.74,0.26,49.6,11.09,2,37.45,0
2026-08-01 09:26:00,Upper_Back,48.79,5.25,0.96,33.69,11.65,0.75,22.4,17.39,0,60.01,0
2026-08-01 09:27:00,Middle_Back,48.0,6.88,0.71,32.97,2.38,0.15,79.06,8.41,0,21.35,0
2026-08-01 09:28:00,Middle_Back,24.36,2.17,0.74,34.71,32.67,0.63,43.01,12.87,4,48.52,0
2026-08-01 09:29:00,Upper_Back,47.3,4.75,0.71,33.58,5.46,0.13,29.13,17.09,5,5.53,0
2026-08-01 09:30:00,Lower_Back,11.67,1.79,0.36,34.51,13.62,0.55,60.0,10.3,2,47.01,0
2026-08-01 09:31:00,Upper_Back,36.83,4.17,0.53,33.31,23.96,0.33,37.06,14.63,5,52.17,0
2026-08-01 09:32:00,Upper_Back,20.35,3.52,0.8,32.74,25.4,0.68,55.15,8.68,2,53.12,0
2026-08-01 09:33:00,Lower_Back,15.43,6.82,0.28,35.48,27.03,0.24,55.21,6.64,5,37.8,0
2026-08-01 09:34:00,Lower_Back,13.46,4.46,0.42,32.97,7.48,0.56,46.74,16.92,0,20.95,0
2026-08-01 09:35:00,Lower_Back,41.33,2.77,0.42,35.47,17.09,0.24,70.17,6.48,5,36.45,0
2026-08-01 09:36:00,Middle_Back,25.29,1.24,0.55,35.43,27.77,0.62,35.9,9.07,5,52.58,0
2026-08-01 09:37:00,Upper_Back,42.61,1.48,0.98,34.88,43.64,0.75,46.92,17.83,2,64.29,0
2026-08-01 09:38:00,Lower_Back,12.94,1.96,0.25,34.48,32.74,0.15,52.26,10.2,6,37.45,0
2026-08-01 09:39:00,Middle_Back,24.19,2.13,0.61,34.23,41.52,0.74,59.82,19.6,1,69.84,0
2026-08-01 09:40:00,Upper_Back,34.28,6.03,0.34,35.1,34.3,0.52,67.04,19.7,2,64.99,0
2026-08-01 09:41:00,Middle_Back,45.58,4.15,0.98,33.37,26.63,0.15,43.69,9.02,2,51.27,0
2026-08-01 09:42:00,Upper_Back,24.34,3.9,0.29,33.9,8.64,0.39,58.76,5.61,2,29.45,0
2026-08-01 09:43:00,Lower_Back,38.17,1.25,0.52,34.36,30.0,0.18,29.04,15.58,3,65.49,0
2026-08-01 09:44:00,Upper_Back,49.87,6.09,0.79,33.73,28.05,0.61,75.96,11.76,6,84.09,1
2026-08-01 09:45:00,Lower_Back,37.71,5.2,0.76,33.78,27.11,0.66,42.98,6.51,3,73.47,1
2026-08-01 09:46:00,Middle_Back,20.48,0.94,0.54,33.49,22.04,0.13,63.77,15.61,3,32.63,0
2026-08-01 09:47:00,Middle_Back,11.1,5.1,0.48,34.19,23.79,0.45,21.22,5.47,2,24.75,0
2026-08-01 09:48:00,Middle_Back,49.15,4.03,0.52,35.05,15.05,0.7,32.31,18.05,1,59.42,0
2026-08-01 09:49:00,Upper_Back,10.96,1.03,0.41,33.1,23.37,0.8,49.22,7.08,2,61.36,0
2026-08-01 09:50:00,Lower_Back,49.36,3.48,0.36,35.3,8.89,0.46,72.7,6.91,0,46.67,0
2026-08-01 09:51:00,Lower_Back,33.8,3.65,0.59,34.57,36.23,0.81,51.64,7.64,1,97.04,1
2026-08-01 09:52:00,Lower_Back,52.26,1.58,0.41,34.97,8.36,0.48,75.79,19.4,3,33.99,0
2026-08-01 09:53:00,Lower_Back,45.95,6.65,0.43,34.17,3.82,0.37,49.03,15.4,7,28.76,0
2026-08-01 09:54:00,Middle_Back,54.91,6.02,0.73,34.84,19.63,0.73,49.43,17.02,5,77.94,1
2026-08-01 09:55:00,Lower_Back,25.78,4.85,0.97,32.55,29.62,0.44,27.18,10.96,5,64.66,0
2026-08-01 09:56:00,Upper_Back,44.52,3.5,0.68,34.96,19.7,0.43,68.16,10.04,6,67.31,0
2026-08-01 09:57:00,Upper_Back,28.09,3.18,0.26,32.62,12.45,0.44,34.82,8.52,7,32.36,0
2026-08-01 09:58:00,Upper_Back,31.59,4.73,0.26,35.17,25.12,0.73,73.98,12.21,4,48.26,0
2026-08-01 09:59:00,Middle_Back,38.24,4.05,0.96,35.48,15.62,0.72,74.65,13.28,6,61.01,0
2026-08-01 10:00:00,Middle_Back,49.32,0.9,0.44,33.38,41.98,0.37,76.6,14.48,1,57.29,0
2026-08-01 10:01:00,Upper_Back,54.28,3.83,0.27,33.13,41.52,0.32,51.21,8.86,3,56.68,0
2026-08-01 10:02:00,Lower_Back,44.57,5.74,0.68,34.8,22.61,0.44,60.63,19.23,1,68.16,0
2026-08-01 10:03:00,Middle_Back,28.8,3.49,0.7,33.26,14.75,0.51,66.71,7.55,1,49.65,0
2026-08-01 10:04:00,Upper_Back,28.96,0.84,0.72,35.1,33.17,0.24,27.86,19.48,5,53.61,0
2026-08-01 10:05:00,Middle_Back,43.19,5.61,0.41,32.81,1.65,0.69,56.06,5.22,2,19.7,0
2026-08-01 10:06:00,Upper_Back,20.74,1.81,0.21,32.88,21.36,0.44,22.06,12.22,0,24.23,0
2026-08-01 10:07:00,Lower_Back,14.97,2.18,0.97,35.44,15.13,0.32,49.85,10.0,4,26.11,0
2026-08-01 10:08:00,Upper_Back,25.96,1.57,0.4,34.52,41.42,0.14,29.29,11.74,3,59.49,0
2026-08-01 10:09:00,Lower_Back,22.93,2.65,0.74,35.04,0.54,0.24,30.98,13.56,1,10.35,0
2026-08-01 10:10:00,Lower_Back,23.33,5.42,0.77,33.47,24.88,0.81,41.9,11.53,4,54.95,0
2026-08-01 10:11:00,Upper_Back,20.51,3.88,0.69,34.53,33.33,0.29,45.95,11.22,1,44.63,0
2026-08-01 10:12:00,Upper_Back,11.89,1.83,0.45,34.28,21.83,0.19,57.39,15.99,7,23.96,0
2026-08-01 10:13:00,Lower_Back,10.8,6.21,0.42,34.31,3.84,0.42,24.47,15.29,5,35.26,0
2026-08-01 10:14:00,Lower_Back,54.45,6.22,0.68,34.55,43.76,0.3,50.22,17.5,0,70.76,1
2026-08-01 10:15:00,Lower_Back,29.25,6.16,0.89,34.23,23.31,0.08,30.96,8.75,5,30.29,0
2026-08-01 10:16:00,Lower_Back,27.29,2.05,0.96,33.79,27.64,0.31,54.44,14.14,4,35.76,0
2026-08-01 10:17:00,Upper_Back,40.58,3.43,0.28,33.33,10.65,0.49,58.24,13.78,3,35.24,0
2026-08-01 10:18:00,Middle_Back,19.82,6.9,0.32,34.81,21.76,0.49,53.4,10.55,1,32.25,0
2026-08-01 10:19:00,Upper_Back,52.75,5.52,0.96,33.18,19.31,0.34,64.3,12.29,0,35.64,0
2026-08-01 10:20:00,Lower_Back,45.39,0.68,0.79,34.58,3.37,0.41,40.14,9.71,7,56.13,0
2026-08-01 10:21:00,Lower_Back,14.02,0.92,0.91,33.2,4.78,0.82,65.91,7.13,5,52.58,0
2026-08-01 10:22:00,Middle_Back,28.79,3.52,0.36,34.38,37.69,0.35,45.97,8.21,7,61.03,0
2026-08-01 10:23:00,Upper_Back,49.56,6.41,0.67,34.74,10.79,0.26,49.05,6.58,4,50.76,0
2026-08-01 10:24:00,Middle_Back,52.51,4.0,0.76,33.16,8.77,0.24,58.89,15.25,5,48.7,0
2026-08-01 10:25:00,Middle_Back,31.03,3.74,0.74,32.68,22.72,0.42,21.1,14.91,1,35.2,0
2026-08-01 10:26:00,Lower_Back,37.6,1.19,0.53,32.89,34.59,0.66,59.24,19.26,1,62.53,0
2026-08-01 10:27:00,Lower_Back,17.52,4.77,0.21,34.32,2.79,0.21,57.12,15.95,7,27.15,0
2026-08-01 10:28:00,Lower_Back,54.6,5.84,0.67,35.05,25.96,0.62,38.59,5.78,3,76.7,1
2026-08-01 10:29:00,Middle_Back,20.43,2.97,0.4,32.63,5.36,0.07,25.15,18.26,0,5.54,0
2026-08-01 10:30:00,Upper_Back,52.42,5.54,0.56,34.7,1.64,0.39,25.46,17.94,2,18.74,0
2026-08-01 10:31:00,Lower_Back,39.23,6.77,0.97,33.52,2.37,0.67,75.39,11.65,5,58.0,0
2026-08-01 10:32:00,Lower_Back,37.35,1.82,0.52,33.94,37.54,0.32,61.36,13.79,1,57.24,0
2026-08-01 10:33:00,Middle_Back,33.07,3.9,0.87,35.29,5.31,0.5,27.63,19.64,4,33.77,0
2026-08-01 10:34:00,Lower_Back,20.38,2.37,0.35,33.5,2.03,0.21,41.4,12.98,5,31.59,0
2026-08-01 10:35:00,Middle_Back,17.94,5.65,0.74,33.9,19.71,0.64,55.55,18.58,3,40.69,0
2026-08-01 10:36:00,Middle_Back,19.92,4.25,0.98,32.54,37.98,0.09,70.13,6.25,3,37.43,0
2026-08-01 10:37:00,Middle_Back,18.39,4.62,0.28,32.74,11.81,0.73,22.62,7.87,1,20.85,0
2026-08-01 10:38:00,Upper_Back,45.08,5.69,0.21,33.28,18.98,0.21,34.2,11.61,1,41.48,0
2026-08-01 10:39:00,Upper_Back,25.76,3.07,0.55,32.58,1.8,0.75,73.38,13.77,7,39.96,0
2026-08-01 10:40:00,Upper_Back,12.6,6.45,0.27,34.39,20.21,0.33,20.55,17.24,1,19.67,0
2026-08-01 10:41:00,Lower_Back,53.61,3.96,0.8,33.78,25.99,0.63,32.08,19.82,7,73.41,1
2026-08-01 10:42:00,Middle_Back,49.77,1.53,0.93,34.14,25.69,0.31,77.54,10.83,6,70.31,1
2026-08-01 10:43:00,Middle_Back,51.75,5.02,0.55,33.02,14.96,0.77,56.8,5.71,2,51.0,0
2026-08-01 10:44:00,Lower_Back,54.77,5.66,0.41,33.39,14.2,0.15,35.7,17.02,1,42.34,0
2026-08-01 10:45:00,Upper_Back,17.83,2.56,0.55,34.49,4.8,0.19,24.02,14.07,5,3.77,0
2026-08-01 10:46:00,Middle_Back,27.83,6.07,0.78,35.4,16.51,0.44,21.69,7.98,5,32.77,0
2026-08-01 10:47:00,Lower_Back,44.12,6.39,0.21,32.65,4.48,0.12,34.68,12.42,7,21.52,0
2026-08-01 10:48:00,Upper_Back,41.32,2.3,0.67,35.17,34.5,0.21,72.89,16.13,6,57.35,0
2026-08-01 10:49:00,Upper_Back,16.93,6.89,0.69,34.23,43.48,0.81,44.95,16.56,6,75.89,1
2026-08-01 10:50:00,Upper_Back,46.71,1.41,0.71,34.19,43.65,0.83,63.22,12.49,0,88.5,1
2026-08-01 10:51:00,Upper_Back,20.1,1.81,0.39,34.0,38.93,0.35,75.1,9.58,4,18.13,0
2026-08-01 10:52:00,Lower_Back,20.07,1.7,0.77,32.71,27.04,0.79,44.48,19.61,1,54.35,0
2026-08-01 10:53:00,Lower_Back,34.16,6.31,0.27,32.77,31.54,0.49,31.48,14.95,7,60.34,0
2026-08-01 10:54:00,Lower_Back,36.68,4.75,0.36,34.3,12.83,0.27,51.03,11.12,5,53.97,0
2026-08-01 10:55:00,Lower_Back,36.1,1.49,0.9,33.52,28.38,0.61,74.49,9.21,6,65.31,0
2026-08-01 10:56:00,Lower_Back,14.12,3.36,0.79,35.25,20.5,0.58,68.26,15.97,5,54.78,0
2026-08-01 10:57:00,Upper_Back,49.49,4.5,0.21,33.72,21.69,0.84,23.95,8.63,5,76.51,1
2026-08-01 10:58:00,Lower_Back,21.95,1.04,0.4,32.93,34.1,0.26,61.55,7.58,6,43.6,0
2026-08-01 10:59:00,Middle_Back,15.83,6.24,0.37,34.64,12.69,0.59,54.31,12.95,2,35.49,0
2026-08-01 11:00:00,Lower_Back,49.99,5.72,0.42,33.38,14.31,0.09,74.45,9.35,6,37.1,0
2026-08-01 11:01:00,Lower_Back,53.0,3.78,0.4,34.08,41.61,0.14,27.35,14.43,6,67.02,0
2026-08-01 11:02:00,Middle_Back,48.8,6.79,0.25,34.59,2.53,0.05,52.04,6.77,4,11.64,0
2026-08-01 11:03:00,Upper_Back,46.43,3.22,0.57,35.2,21.85,0.85,72.77,14.82,7,64.42,0
2026-08-01 11:04:00,Upper_Back,39.49,6.9,0.79,34.88,41.08,0.69,44.6,9.25,7,100.0,1
2026-08-01 11:05:00,Middle_Back,34.79,4.84,0.69,34.53,27.47,0.68,48.92,5.0,6,75.55,1
2026-08-01 11:06:00,Lower_Back,13.91,4.63,0.74,34.54,24.59,0.46,24.23,6.9,3,57.11,0
2026-08-01 11:07:00,Lower_Back,28.38,1.58,0.26,35.34,11.24,0.29,36.69,19.0,7,39.06,0
2026-08-01 11:08:00,Upper_Back,26.77,6.23,0.96,33.39,15.45,0.17,39.47,18.01,7,18.36,0
2026-08-01 11:09:00,Middle_Back,21.69,3.28,0.87,32.5,38.34,0.28,76.71,8.5,7,68.83,0
2026-08-01 11:10:00,Middle_Back,42.55,1.55,0.84,33.32,25.16,0.35,36.96,16.68,6,68.85,0
2026-08-01 11:11:00,Upper_Back,32.31,0.58,0.86,33.15,23.16,0.66,47.65,14.13,5,49.85,0
2026-08-01 11:12:00,Upper_Back,13.65,4.14,0.95,34.49,4.48,0.48,60.28,19.56,1,31.09,0
2026-08-01 11:13:00,Middle_Back,19.91,3.93,0.64,34.4,0.72,0.11,29.73,10.6,5,16.56,0
2026-08-01 11:14:00,Lower_Back,40.75,5.18,0.36,34.28,43.37,0.06,49.19,15.22,4,83.22,1
2026-08-01 11:15:00,Middle_Back,13.43,6.29,0.69,32.55,16.96,0.13,64.31,5.95,3,21.39,0
2026-08-01 11:16:00,Middle_Back,48.3,1.02,0.79,34.69,27.14,0.38,72.01,10.94,6,55.64,0
2026-08-01 11:17:00,Lower_Back,32.28,5.25,0.79,33.47,3.59,0.8,57.58,19.46,2,43.04,0
2026-08-01 11:18:00,Middle_Back,31.63,1.72,0.62,34.5,30.74,0.56,60.14,13.08,0,72.28,1
2026-08-01 11:19:00,Lower_Back,36.66,6.08,0.25,34.17,41.97,0.69,27.58,9.32,6,63.1,0
2026-08-01 11:20:00,Lower_Back,47.11,5.82,0.5,33.53,25.9,0.42,76.75,6.8,1,41.19,0
2026-08-01 11:21:00,Upper_Back,25.65,4.02,0.94,32.9,5.68,0.34,27.95,15.55,0,20.13,0
2026-08-01 11:22:00,Middle_Back,40.51,5.12,0.67,32.78,26.18,0.14,66.48,14.67,2,42.51,0
2026-08-01 11:23:00,Middle_Back,35.46,2.54,0.63,34.99,34.49,0.75,35.89,10.61,4,72.89,1
2026-08-01 11:24:00,Upper_Back,22.02,3.56,0.42,35.26,18.29,0.68,76.02,19.26,4,54.95,0
2026-08-01 11:25:00,Upper_Back,49.54,5.84,0.49,34.45,39.59,0.18,63.2,5.33,2,56.19,0
2026-08-01 11:26:00,Lower_Back,45.88,3.49,0.92,32.81,29.19,0.46,65.23,9.56,5,55.86,0
2026-08-01 11:27:00,Middle_Back,39.63,2.83,0.73,33.71,40.47,0.44,33.14,18.82,2,89.58,1
2026-08-01 11:28:00,Upper_Back,48.28,3.71,0.83,34.69,28.06,0.55,46.58,9.81,7,59.67,0
2026-08-01 11:29:00,Upper_Back,49.03,5.88,0.56,34.84,5.91,0.81,57.07,8.78,7,42.74,0
2026-08-01 11:30:00,Lower_Back,41.88,2.68,0.7,32.85,13.94,0.51,66.2,13.01,6,68.46,0
2026-08-01 11:31:00,Upper_Back,47.67,1.63,0.4,32.5,9.08,0.48,26.24,17.36,1,29.11,0
2026-08-01 11:32:00,Upper_Back,41.39,5.13,0.76,34.64,40.9,0.09,77.74,6.55,7,66.08,0
2026-08-01 11:33:00,Middle_Back,40.61,5.87,0.54,33.57,34.22,0.1,73.41,19.15,3,59.47,0
2026-08-01 11:34:00,Lower_Back,37.84,1.15,0.55,33.26,30.44,0.2,36.22,16.93,6,68.59,0
2026-08-01 11:35:00,Upper_Back,43.87,2.06,0.72,32.54,13.54,0.08,69.37,7.72,6,32.91,0
2026-08-01 11:36:00,Lower_Back,17.14,1.42,0.95,34.12,8.28,0.64,51.1,15.68,6,60.65,0
2026-08-01 11:37:00,Lower_Back,49.64,2.76,0.25,35.05,34.04,0.63,47.71,10.77,0,50.27,0
2026-08-01 11:38:00,Upper_Back,49.23,3.43,0.86,35.37,21.34,0.16,38.87,11.03,0,48.59,0
2026-08-01 11:39:00,Lower_Back,11.32,5.37,0.43,34.2,10.16,0.72,54.86,16.75,4,30.73,0
2026-08-01 11:40:00,Middle_Back,47.16,4.73,0.56,34.04,27.75,0.17,63.79,19.44,6,70.11,1
2026-08-01 11:41:00,Lower_Back,15.8,4.54,0.22,32.76,1.82,0.29,44.66,6.9,5,17.49,0
2026-08-01 11:42:00,Lower_Back,25.08,2.79,0.44,34.15,14.68,0.25,57.75,11.31,7,32.09,0
2026-08-01 11:43:00,Middle_Back,43.46,5.97,0.6,33.64,21.09,0.35,61.96,12.21,4,57.96,0
2026-08-01 11:44:00,Upper_Back,17.23,3.56,0.24,34.32,6.66,0.25,62.67,10.64,1,18.98,0
2026-08-01 11:45:00,Lower_Back,46.81,6.86,0.59,33.67,44.31,0.44,23.12,10.45,2,85.24,1
2026-08-01 11:46:00,Middle_Back,47.45,4.62,0.94,33.22,9.41,0.38,71.58,5.78,0,31.49,0
2026-08-01 11:47:00,Upper_Back,32.84,1.32,0.28,32.78,5.87,0.84,47.5,15.28,6,36.49,0
2026-08-01 11:48:00,Upper_Back,10.29,4.9,0.81,33.44,9.16,0.09,35.74,11.54,1,7.94,0
2026-08-01 11:49:00,Middle_Back,22.92,2.61,0.53,32.79,34.61,0.16,34.51,7.92,4,45.71,0
2026-08-01 11:50:00,Lower_Back,37.76,4.96,0.72,33.03,19.15,0.09,48.98,17.24,4,50.5,0
2026-08-01 11:51:00,Upper_Back,54.15,0.95,0.41,35.46,25.44,0.55,73.21,17.04,0,38.64,0
2026-08-01 11:52:00,Middle_Back,38.43,1.64,0.33,33.83,0.95,0.09,42.7,12.3,4,17.77,0
2026-08-01 11:53:00,Upper_Back,21.69,6.06,0.33,34.1,1.55,0.72,64.98,9.48,5,25.54,0
2026-08-01 11:54:00,Lower_Back,38.53,1.98,0.26,35.12,20.06,0.46,25.81,14.57,4,40.62,0
2026-08-01 11:55:00,Upper_Back,34.3,5.94,0.35,35.49,36.75,0.47,48.56,9.32,3,51.8,0
2026-08-01 11:56:00,Lower_Back,45.09,2.32,0.73,34.25,39.84,0.5,79.5,8.54,7,86.24,1
2026-08-01 11:57:00,Middle_Back,14.81,4.68,0.91,34.94,3.9,0.19,66.23,15.96,2,0.0,0
2026-08-01 11:58:00,Lower_Back,44.25,5.01,0.85,33.48,24.23,0.21,32.63,5.6,4,48.14,0
2026-08-01 11:59:00,Upper_Back,34.36,3.83,0.75,33.42,41.1,0.31,50.09,6.42,7,59.15,0
2026-08-01 12:00:00,Middle_Back,53.33,2.48,0.29,33.71,17.46,0.52,34.02,5.1,7,60.92,0
2026-08-01 12:01:00,Upper_Back,25.38,1.88,0.43,34.52,37.33,0.22,44.57,7.29,3,39.66,0
2026-08-01 12:02:00,Lower_Back,38.47,0.72,0.45,34.55,6.02,0.14,66.81,6.03,1,23.96,0
2026-08-01 12:03:00,Lower_Back,51.94,2.48,0.4,33.45,42.09,0.83,66.27,19.94,4,100.0,1
2026-08-01 12:04:00,Upper_Back,14.61,4.75,0.61,32.9,33.81,0.07,33.69,9.33,5,47.35,0
2026-08-01 12:05:00,Lower_Back,52.18,6.6,0.63,34.4,42.36,0.69,75.33,7.24,1,100.0,1
2026-08-01 12:06:00,Lower_Back,40.95,6.16,0.49,32.88,30.45,0.68,55.55,8.61,7,72.54,1
2026-08-01 12:07:00,Middle_Back,13.05,5.48,0.48,34.24,16.35,0.29,42.8,19.04,7,35.87,0
2026-08-01 12:08:00,Middle_Back,23.54,5.62,0.86,34.58,42.22,0.16,50.12,12.8,6,59.65,0
2026-08-01 12:09:00,Upper_Back,41.87,4.82,0.83,34.6,12.4,0.17,56.3,10.47,4,32.71,0
2026-08-01 12:10:00,Upper_Back,13.03,2.19,0.45,34.76,14.95,0.61,53.59,18.1,0,32.82,0
2026-08-01 12:11:00,Lower_Back,36.2,6.4,0.93,35.12,31.54,0.56,49.18,10.92,3,66.11,0
2026-08-01 12:12:00,Lower_Back,25.56,4.86,0.96,34.0,34.44,0.68,50.3,10.03,3,89.18,1
2026-08-01 12:13:00,Lower_Back,37.94,4.14,0.46,34.69,41.82,0.8,30.58,8.11,0,79.08,1
2026-08-01 12:14:00,Middle_Back,12.06,1.22,0.48,34.36,9.22,0.6,68.76,10.67,2,35.49,0
2026-08-01 12:15:00,Middle_Back,49.22,3.41,0.6,33.06,35.91,0.17,52.51,9.75,7,81.21,1
2026-08-01 12:16:00,Lower_Back,53.81,3.49,0.95,32.58,33.23,0.24,27.86,15.16,6,83.84,1
2026-08-01 12:17:00,Lower_Back,53.6,6.12,0.9,33.35,2.87,0.72,65.97,9.34,5,45.31,0
2026-08-01 12:18:00,Lower_Back,43.73,4.05,0.28,33.83,17.43,0.22,75.95,13.66,3,48.94,0
2026-08-01 12:19:00,Lower_Back,15.85,2.97,0.51,34.35,12.72,0.11,76.84,5.99,1,31.43,0
2026-08-01 12:20:00,Lower_Back,44.12,6.85,0.64,35.05,13.7,0.61,42.14,7.87,7,68.7,0
2026-08-01 12:21:00,Upper_Back,11.11,1.22,0.6,33.09,44.23,0.37,28.13,11.11,5,45.01,0
2026-08-01 12:22:00,Upper_Back,11.0,3.25,0.36,32.88,28.92,0.79,51.1,19.05,3,44.17,0
2026-08-01 12:23:00,Lower_Back,24.56,0.77,0.89,35.39,32.3,0.57,26.76,10.66,6,78.56,1
2026-08-01 12:24:00,Lower_Back,31.99,5.31,0.74,32.82,43.95,0.12,76.04,14.96,2,59.89,0
2026-08-01 12:25:00,Upper_Back,44.67,6.47,0.87,33.94,16.97,0.81,31.01,8.83,6,59.68,0
2026-08-01 12:26:00,Upper_Back,40.75,2.32,0.89,34.26,36.08,0.26,35.17,6.91,1,72.6,1
2026-08-01 12:27:00,Lower_Back,30.07,6.08,0.8,34.12,19.55,0.32,44.4,5.88,6,49.75,0
2026-08-01 12:28:00,Upper_Back,22.31,2.4,0.55,32.76,39.13,0.37,42.99,9.58,5,49.68,0
2026-08-01 12:29:00,Upper_Back,54.87,6.42,0.69,32.67,8.13,0.09,67.68,7.36,7,28.26,0
2026-08-01 12:30:00,Middle_Back,29.18,5.4,0.33,32.82,42.65,0.45,47.38,7.61,1,65.51,0
2026-08-01 12:31:00,Lower_Back,30.31,5.73,0.74,34.26,9.84,0.15,30.25,16.41,7,20.36,0
2026-08-01 12:32:00,Lower_Back,17.36,0.62,0.34,34.13,14.68,0.37,36.03,5.24,0,24.89,0
2026-08-01 12:33:00,Upper_Back,45.77,6.76,0.76,33.2,34.03,0.33,50.55,13.37,4,66.54,0
2026-08-01 12:34:00,Lower_Back,41.22,5.22,0.38,34.41,17.72,0.67,28.85,10.69,0,64.57,0
2026-08-01 12:35:00,Upper_Back,19.93,2.48,0.29,34.96,27.37,0.69,56.7,12.6,5,59.24,0
2026-08-01 12:36:00,Middle_Back,13.71,5.89,0.33,32.62,20.01,0.17,53.94,13.44,4,19.23,0
2026-08-01 12:37:00,Lower_Back,40.62,2.33,0.2,33.99,33.41,0.34,62.88,9.7,0,69.83,0
2026-08-01 12:38:00,Lower_Back,39.45,6.17,0.77,34.57,10.27,0.35,76.26,9.43,4,43.24,0
2026-08-01 12:39:00,Lower_Back,22.3,1.23,0.79,33.26,2.63,0.17,74.74,16.0,3,10.54,0
2026-08-01 12:40:00,Lower_Back,52.79,5.07,0.61,33.42,13.5,0.69,76.76,18.07,6,66.21,0
2026-08-01 12:41:00,Middle_Back,16.8,4.01,0.33,34.34,21.34,0.62,34.68,7.89,1,52.8,0
2026-08-01 12:42:00,Upper_Back,29.46,1.13,0.27,35.19,7.56,0.2,27.89,6.46,4,17.4,0
2026-08-01 12:43:00,Middle_Back,52.46,2.07,0.22,34.93,15.97,0.34,38.14,18.47,3,42.31,0
2026-08-01 12:44:00,Upper_Back,28.89,0.58,0.33,34.25,18.0,0.13,73.71,10.25,6,48.1,0
2026-08-01 12:45:00,Upper_Back,38.73,3.55,0.91,34.69,2.58,0.55,78.32,13.27,6,26.95,0
2026-08-01 12:46:00,Lower_Back,27.89,2.46,0.39,33.59,26.25,0.15,71.56,10.39,2,30.6,0
2026-08-01 12:47:00,Middle_Back,22.34,4.39,0.48,34.42,39.8,0.84,26.6,6.89,7,60.04,0
2026-08-01 12:48:00,Lower_Back,54.28,2.43,0.28,33.9,6.83,0.67,76.85,13.84,0,53.76,0
2026-08-01 12:49:00,Lower_Back,28.42,2.45,0.38,33.07,26.9,0.36,45.4,12.88,2,50.55,0
2026-08-01 12:50:00,Lower_Back,50.23,5.33,0.62,34.61,29.91,0.51,20.56,8.04,7,89.39,1
2026-08-01 12:51:00,Middle_Back,20.35,0.81,0.69,34.17,18.87,0.78,46.54,11.78,7,58.02,0
2026-08-01 12:52:00,Middle_Back,19.59,6.37,0.4,33.58,31.55,0.49,22.76,16.95,5,46.89,0
2026-08-01 12:53:00,Middle_Back,11.4,6.04,0.25,35.23,18.48,0.19,52.63,13.86,3,21.92,0
2026-08-01 12:54:00,Upper_Back,39.33,4.84,0.51,32.56,22.71,0.35,40.31,6.45,2,44.0,0
2026-08-01 12:55:00,Lower_Back,26.58,4.36,0.39,33.45,0.33,0.72,48.41,13.22,2,15.95,0
2026-08-01 12:56:00,Upper_Back,48.9,6.3,0.38,32.67,31.13,0.57,56.79,15.54,7,96.55,1
2026-08-01 12:57:00,Upper_Back,31.29,1.7,0.97,34.8,29.76,0.57,72.13,16.89,6,72.0,1
2026-08-01 12:58:00,Lower_Back,53.57,1.01,0.69,34.61,1.73,0.74,59.71,14.44,3,55.5,0
2026-08-01 12:59:00,Upper_Back,18.35,2.06,0.65,33.49,16.57,0.77,46.04,7.29,6,53.31,0
2026-08-01 13:00:00,Lower_Back,49.09,5.66,0.53,34.53,44.06,0.79,69.17,15.65,1,100.0,1
2026-08-01 13:01:00,Lower_Back,44.95,0.73,0.54,33.69,18.93,0.13,74.33,15.16,4,46.25,0
2026-08-01 13:02:00,Lower_Back,44.69,4.29,0.63,34.77,22.59,0.49,27.19,5.37,5,54.79,0
2026-08-01 13:03:00,Middle_Back,48.02,6.97,0.76,33.86,40.95,0.64,51.92,11.18,5,92.14,1
2026-08-01 13:04:00,Upper_Back,44.25,6.06,0.76,33.74,32.28,0.66,37.07,9.99,0,69.17,0
2026-08-01 13:05:00,Lower_Back,38.18,3.89,0.34,35.3,26.19,0.54,22.82,15.04,6,52.8,0
2026-08-01 13:06:00,Middle_Back,15.91,0.91,0.6,33.25,35.9,0.18,60.11,8.24,4,62.25,0
2026-08-01 13:07:00,Lower_Back,11.46,5.9,0.53,32.86,38.9,0.69,71.77,13.86,7,77.58,1
2026-08-01 13:08:00,Lower_Back,51.44,4.39,0.9,34.25,20.56,0.63,29.77,18.7,0,71.25,1
2026-08-01 13:09:00,Lower_Back,37.75,1.25,0.71,35.41,21.38,0.12,68.74,16.97,5,63.03,0
2026-08-01 13:10:00,Upper_Back,45.84,1.11,0.63,33.63,17.37,0.42,71.2,18.82,4,49.53,0
2026-08-01 13:11:00,Middle_Back,31.67,6.41,0.29,32.69,43.5,0.19,74.86,19.68,2,62.28,0
2026-08-01 13:12:00,Lower_Back,15.28,4.85,0.68,33.52,31.37,0.32,35.92,5.16,1,55.37,0
2026-08-01 13:13:00,Middle_Back,15.63,5.89,0.29,34.02,3.75,0.06,74.24,14.34,7,4.62,0
2026-08-01 13:14:00,Upper_Back,40.85,6.21,0.47,32.99,38.83,0.37,39.24,11.19,2,60.95,0
2026-08-01 13:15:00,Middle_Back,29.36,4.22,0.31,34.47,21.63,0.49,53.14,17.9,1,43.34,0
2026-08-01 13:16:00,Lower_Back,19.02,3.86,0.75,35.49,3.09,0.55,23.03,8.78,7,24.4,0
2026-08-01 13:17:00,Lower_Back,32.12,3.3,0.37,33.86,24.74,0.58,22.63,19.72,6,81.48,1
2026-08-01 13:18:00,Middle_Back,12.89,2.56,0.51,33.56,18.77,0.72,63.22,14.21,3,30.53,0
2026-08-01 13:19:00,Upper_Back,36.19,3.32,0.92,33.7,39.5,0.22,46.67,16.9,0,44.32,0
2026-08-01 13:20:00,Lower_Back,22.1,5.53,0.36,32.85,9.18,0.15,35.38,6.28,0,29.7,0
2026-08-01 13:21:00,Lower_Back,45.89,4.41,0.61,35.15,37.19,0.73,31.42,7.75,3,89.9,1
2026-08-01 13:22:00,Upper_Back,23.97,6.3,0.54,33.74,25.1,0.18,60.2,16.38,4,26.47,0
2026-08-01 13:23:00,Middle_Back,30.48,3.38,0.21,33.66,2.46,0.83,20.02,5.33,3,38.14,0
2026-08-01 13:24:00,Lower_Back,10.52,4.45,0.83,34.48,43.73,0.72,68.35,17.25,6,97.06,1
2026-08-01 13:25:00,Lower_Back,13.26,4.6,0.26,33.83,23.07,0.45,24.75,5.21,5,40.66,0
2026-08-01 13:26:00,Lower_Back,27.66,4.35,0.58,34.44,13.09,0.84,31.49,14.86,3,78.03,1
2026-08-01 13:27:00,Lower_Back,31.6,5.07,0.65,32.68,21.12,0.13,43.17,10.48,1,20.95,0
2026-08-01 13:28:00,Middle_Back,37.0,2.04,0.7,34.94,38.6,0.29,49.09,14.17,5,72.85,1
2026-08-01 13:29:00,Upper_Back,23.12,3.83,0.75,35.32,13.72,0.56,41.3,15.44,3,48.34,0
2026-08-01 13:30:00,Lower_Back,41.27,1.18,0.4,34.45,8.67,0.33,39.24,10.14,0,40.99,0
2026-08-01 13:31:00,Lower_Back,48.71,3.0,0.21,35.36,5.81,0.79,77.83,6.62,2,49.9,0
2026-08-01 13:32:00,Lower_Back,45.09,3.67,0.78,32.95,13.4,0.1,58.49,6.04,1,35.73,0
2026-08-01 13:33:00,Lower_Back,11.78,4.74,0.63,33.93,35.1,0.49,21.41,13.83,6,63.77,0
2026-08-01 13:34:00,Middle_Back,31.62,6.68,0.87,34.31,21.22,0.52,45.81,12.81,1,57.62,0
2026-08-01 13:35:00,Middle_Back,14.72,4.4,0.86,34.25,10.24,0.57,72.5,16.13,7,47.43,0
2026-08-01 13:36:00,Lower_Back,20.89,5.33,0.87,33.7,7.48,0.25,38.09,12.65,4,39.25,0
2026-08-01 13:37:00,Lower_Back,54.4,3.79,0.59,33.51,14.97,0.34,25.67,11.34,2,38.41,0
2026-08-01 13:38:00,Lower_Back,16.41,4.62,0.47,32.88,42.3,0.72,65.5,10.97,1,70.78,1
2026-08-01 13:39:00,Lower_Back,32.45,0.96,0.83,33.68,15.44,0.21,56.36,5.4,7,36.63,0
2026-08-01 13:40:00,Lower_Back,37.82,2.15,0.56,32.99,44.47,0.71,54.22,10.03,3,83.68,1
2026-08-01 13:41:00,Middle_Back,41.61,2.85,0.35,34.7,21.84,0.5,23.21,19.64,1,56.15,0
2026-08-01 13:42:00,Middle_Back,35.18,3.57,0.88,33.13,8.06,0.66,28.43,18.1,1,41.55,0
2026-08-01 13:43:00,Upper_Back,10.44,0.8,0.91,32.68,40.1,0.62,57.35,9.94,1,87.15,1
2026-08-01 13:44:00,Middle_Back,24.69,1.41,0.57,34.16,20.72,0.22,32.47,13.82,4,36.42,0
2026-08-01 13:45:00,Upper_Back,33.3,2.3,0.26,34.29,31.94,0.51,50.24,17.71,1,52.11,0
2026-08-01 13:46:00,Middle_Back,13.95,6.81,0.51,35.12,44.27,0.74,52.69,11.62,1,70.17,1
2026-08-01 13:47:00,Middle_Back,25.78,2.65,0.84,34.23,2.26,0.4,37.01,5.27,4,18.81,0
2026-08-01 13:48:00,Upper_Back,11.49,3.63,0.92,33.54,4.35,0.82,76.91,6.12,7,39.79,0
2026-08-01 13:49:00,Middle_Back,13.54,1.77,0.36,34.91,32.42,0.41,70.55,12.66,5,61.69,0
2026-08-01 13:50:00,Upper_Back,27.86,4.47,0.25,34.12,12.68,0.16,63.34,19.54,2,20.97,0
2026-08-01 13:51:00,Upper_Back,15.97,2.32,0.9,32.74,8.29,0.36,24.68,15.4,7,18.12,0
2026-08-01 13:52:00,Lower_Back,35.54,1.85,0.51,34.2,1.77,0.81,26.37,6.06,6,36.35,0
2026-08-01 13:53:00,Middle_Back,41.03,3.86,0.63,35.22,0.98,0.31,49.57,7.84,5,23.65,0
2026-08-01 13:54:00,Upper_Back,46.03,0.54,0.97,33.69,34.85,0.74,29.64,16.57,0,74.28,1
2026-08-01 13:55:00,Middle_Back,19.01,0.55,0.25,33.39,6.05,0.76,78.7,17.62,4,47.07,0
2026-08-01 13:56:00,Lower_Back,17.54,1.92,0.72,32.93,21.05,0.33,29.51,14.27,4,27.97,0
2026-08-01 13:57:00,Upper_Back,14.71,0.74,0.26,32.95,27.27,0.12,49.25,14.67,1,21.54,0
2026-08-01 13:58:00,Lower_Back,38.64,1.2,0.5,33.8,19.28,0.63,41.85,5.43,1,55.94,0
2026-08-01 13:59:00,Upper_Back,41.79,2.7,0.84,34.29,1.22,0.3,58.36,17.43,6,11.82,0
2026-08-01 14:00:00,Upper_Back,11.42,5.72,0.55,32.74,35.26,0.68,27.74,16.82,0,41.84,0
2026-08-01 14:01:00,Middle_Back,52.13,4.22,1.0,35.32,0.47,0.4,45.82,8.89,1,28.23,0
2026-08-01 14:02:00,Middle_Back,12.34,3.83,0.65,34.77,34.29,0.44,36.48,15.63,3,42.25,0
2026-08-01 14:03:00,Lower_Back,34.36,2.41,0.46,34.26,40.2,0.67,73.27,8.22,1,80.19,1
2026-08-01 14:04:00,Lower_Back,41.91,6.56,0.38,34.99,19.48,0.36,22.44,5.6,1,42.28,0
2026-08-01 14:05:00,Lower_Back,49.19,3.08,0.48,32.74,24.1,0.4,74.82,8.02,3,56.9,0
2026-08-01 14:06:00,Middle_Back,42.13,1.07,0.5,33.93,21.46,0.35,69.98,7.68,0,50.11,0
2026-08-01 14:07:00,Middle_Back,46.08,4.51,0.25,34.39,17.51,0.34,37.85,10.07,3,58.45,0
2026-08-01 14:08:00,Lower_Back,25.28,1.24,0.5,34.99,39.93,0.47,67.36,11.28,4,86.95,1
2026-08-01 14:09:00,Upper_Back,46.67,2.74,0.57,34.85,40.23,0.7,21.87,12.63,3,57.03,0
2026-08-01 14:10:00,Middle_Back,13.61,3.8,0.78,33.33,15.11,0.34,78.01,12.15,2,37.43,0
2026-08-01 14:11:00,Upper_Back,50.27,6.18,0.73,35.32,27.68,0.47,51.6,9.06,4,61.3,0
2026-08-01 14:12:00,Upper_Back,34.64,3.71,0.77,32.87,41.71,0.59,38.2,5.44,1,71.28,1
2026-08-01 14:13:00,Lower_Back,46.78,5.06,0.21,35.13,43.29,0.27,41.75,14.08,6,70.22,1
2026-08-01 14:14:00,Lower_Back,30.35,6.95,0.37,35.41,22.9,0.27,23.98,10.94,4,44.19,0
2026-08-01 14:15:00,Lower_Back,38.96,1.35,0.73,33.03,20.38,0.8,79.36,9.48,0,67.83,0
2026-08-01 14:16:00,Middle_Back,33.69,2.29,0.59,34.67,12.54,0.63,22.36,18.0,0,32.42,0
2026-08-01 14:17:00,Upper_Back,42.92,3.06,0.2,32.62,43.15,0.51,59.29,16.2,3,61.77,0
2026-08-01 14:18:00,Upper_Back,13.67,3.24,0.84,33.72,6.43,0.57,46.56,17.87,4,23.11,0
2026-08-01 14:19:00,Upper_Back,12.72,3.17,0.82,34.05,26.09,0.07,76.93,12.42,1,32.48,0
2026-08-01 14:20:00,Middle_Back,21.12,6.4,0.64,34.24,12.71,0.54,34.76,6.96,0,37.37,0
2026-08-01 14:21:00,Lower_Back,17.18,5.14,0.25,35.31,12.56,0.46,51.93,15.44,5,43.15,0
2026-08-01 14:22:00,Lower_Back,49.23,4.45,0.81,34.52,18.22,0.49,48.94,8.09,1,52.98,0
2026-08-01 14:23:00,Upper_Back,19.86,2.51,0.67,33.94,44.95,0.34,62.17,11.62,5,66.72,0
2026-08-01 14:24:00,Lower_Back,53.91,5.85,0.83,34.93,2.47,0.12,24.08,5.98,2,39.94,0
2026-08-01 14:25:00,Lower_Back,25.16,6.71,0.8,35.35,26.03,0.2,31.63,17.38,5,60.08,0
2026-08-01 14:26:00,Middle_Back,18.2,5.84,0.84,32.57,3.72,0.81,32.87,6.89,7,39.64,0
2026-08-01 14:27:00,Lower_Back,45.54,0.51,0.61,35.45,6.95,0.38,64.29,18.55,0,36.46,0
2026-08-01 14:28:00,Middle_Back,39.64,4.64,0.31,32.76,19.78,0.42,31.35,17.96,3,45.12,0
2026-08-01 14:29:00,Upper_Back,32.42,0.83,0.74,34.94,22.97,0.09,54.41,11.97,2,23.54,0
2026-08-01 14:30:00,Middle_Back,34.99,2.17,0.7,33.34,11.65,0.08,32.91,16.17,4,24.88,0
2026-08-01 14:31:00,Lower_Back,42.36,0.89,0.79,32.9,14.24,0.62,71.7,14.29,1,64.44,0
2026-08-01 14:32:00,Upper_Back,20.28,4.42,0.34,33.82,3.91,0.48,76.53,17.05,0,23.72,0
2026-08-01 14:33:00,Upper_Back,54.84,4.96,0.36,34.43,13.64,0.46,51.11,11.48,2,40.72,0
2026-08-01 14:34:00,Upper_Back,53.87,1.24,0.91,33.64,43.5,0.24,41.14,16.79,2,74.7,1
2026-08-01 14:35:00,Upper_Back,39.26,2.99,0.8,32.66,42.51,0.65,34.04,11.94,7,73.89,1
2026-08-01 14:36:00,Lower_Back,18.98,3.47,0.93,34.3,15.07,0.18,22.99,19.11,0,34.8,0
2026-08-01 14:37:00,Lower_Back,40.61,2.9,0.81,35.21,25.69,0.2,36.11,12.3,4,53.79,0
2026-08-01 14:38:00,Middle_Back,13.25,1.29,0.68,33.65,40.93,0.42,59.25,11.94,4,57.93,0
2026-08-01 14:39:00,Upper_Back,11.38,3.22,0.72,33.15,0.28,0.28,52.02,16.78,3,4.73,0
2026-08-01 14:40:00,Middle_Back,21.6,5.38,0.91,33.83,36.48,0.25,76.64,17.32,6,60.49,0
2026-08-01 14:41:00,Middle_Back,30.82,0.96,0.66,32.65,42.68,0.57,43.78,13.32,5,70.91,1
2026-08-01 14:42:00,Upper_Back,49.07,1.02,0.71,34.96,4.11,0.57,61.63,7.7,4,48.54,0
2026-08-01 14:43:00,Middle_Back,42.72,2.81,0.33,34.98,7.27,0.71,49.36,12.02,7,43.96,0
2026-08-01 14:44:00,Middle_Back,43.42,6.62,0.58,34.26,43.23,0.38,50.75,19.52,3,89.07,1
2026-08-01 14:45:00,Lower_Back,29.15,4.85,0.77,33.56,24.19,0.11,36.07,16.29,5,59.94,0
2026-08-01 14:46:00,Lower_Back,25.57,4.91,0.42,34.9,0.64,0.27,47.3,17.17,2,8.65,0
2026-08-01 14:47:00,Upper_Back,26.7,2.85,0.36,34.16,11.59,0.83,48.25,5.49,0,38.46,0
2026-08-01 14:48:00,Middle_Back,54.44,4.36,0.45,34.98,20.25,0.53,62.4,12.02,4,53.46,0
2026-08-01 14:49:00,Lower_Back,11.8,0.57,0.39,34.39,31.18,0.62,76.44,14.7,3,55.07,0
2026-08-01 14:50:00,Middle_Back,49.02,4.63,0.37,34.85,32.99,0.06,39.76,17.45,2,69.52,0
2026-08-01 14:51:00,Lower_Back,36.04,6.44,0.54,34.3,44.79,0.46,22.53,5.74,4,73.72,1
2026-08-01 14:52:00,Lower_Back,29.74,4.48,0.93,33.74,12.94,0.08,49.78,17.79,1,34.55,0
2026-08-01 14:53:00,Upper_Back,42.64,6.18,0.61,35.37,24.22,0.51,52.67,13.23,6,63.66,0
2026-08-01 14:54:00,Upper_Back,31.9,5.21,0.35,34.12,24.0,0.79,30.11,7.96,2,42.25,0
2026-08-01 14:55:00,Lower_Back,49.3,1.28,0.26,34.32,18.25,0.82,65.63,9.76,7,63.41,0
2026-08-01 14:56:00,Upper_Back,50.53,6.37,0.76,33.16,7.61,0.48,79.1,9.23,7,37.27,0
2026-08-01 14:57:00,Middle_Back,28.98,0.93,0.51,34.38,43.99,0.42,76.75,12.96,4,62.15,0
2026-08-01 14:58:00,Lower_Back,22.46,3.97,0.86,34.21,38.4,0.81,31.83,5.78,7,54.73,0
2026-08-01 14:59:00,Middle_Back,36.66,1.42,0.73,33.05,22.42,0.59,72.52,7.38,2,62.93,0
2026-08-01 15:00:00,Middle_Back,51.06,0.58,0.84,32.68,27.15,0.1,62.27,17.19,0,71.4,1
2026-08-01 15:01:00,Lower_Back,19.48,3.24,0.42,34.31,10.23,0.42,47.23,6.99,0,28.83,0
2026-08-01 15:02:00,Middle_Back,38.03,2.42,0.75,34.79,24.47,0.24,52.44,8.5,6,37.91,0
2026-08-01 15:03:00,Middle_Back,38.42,3.66,0.41,34.07,31.27,0.43,70.98,11.8,0,49.5,0
2026-08-01 15:04:00,Lower_Back,42.99,4.25,0.95,33.18,23.18,0.41,48.81,12.76,5,59.66,0
2026-08-01 15:05:00,Middle_Back,15.92,0.78,0.71,34.5,44.56,0.52,42.39,16.45,1,53.86,0
2026-08-01 15:06:00,Lower_Back,42.21,1.3,0.46,32.74,27.51,0.34,49.59,11.71,0,62.66,0
2026-08-01 15:07:00,Lower_Back,50.91,4.13,0.42,33.83,16.69,0.18,54.75,16.85,7,58.49,0
2026-08-01 15:08:00,Upper_Back,18.09,2.73,0.35,32.99,34.75,0.45,31.34,14.28,1,33.18,0
2026-08-01 15:09:00,Upper_Back,20.69,5.24,0.76,33.05,7.67,0.71,74.05,6.7,0,41.01,0
2026-08-01 15:10:00,Upper_Back,53.71,4.74,0.37,33.11,17.3,0.58,60.45,7.34,5,70.94,1
2026-08-01 15:11:00,Upper_Back,18.14,6.0,0.68,33.66,15.61,0.32,58.0,11.56,7,53.01,0
2026-08-01 15:12:00,Upper_Back,48.45,5.0,0.41,32.65,19.43,0.8,25.97,10.95,2,84.7,1
2026-08-01 15:13:00,Lower_Back,32.15,3.29,0.73,33.69,35.18,0.78,56.25,16.15,4,71.73,1
2026-08-01 15:14:00,Upper_Back,21.13,4.87,0.85,34.04,21.79,0.22,27.26,13.71,4,62.04,0
2026-08-01 15:15:00,Middle_Back,49.18,2.29,0.82,33.95,35.73,0.08,24.72,10.82,0,51.0,0
2026-08-01 15:16:00,Lower_Back,30.04,2.49,0.81,33.65,25.94,0.64,51.64,7.56,4,60.07,0
2026-08-01 15:17:00,Upper_Back,33.17,5.63,0.35,35.02,15.39,0.71,44.17,8.4,0,43.51,0
2026-08-01 15:18:00,Lower_Back,26.17,3.4,0.27,32.94,36.45,0.82,55.33,13.63,0,64.62,0
2026-08-01 15:19:00,Upper_Back,36.68,5.69,0.76,34.02,10.72,0.76,25.35,11.35,7,54.21,0
2026-08-01 15:20:00,Upper_Back,17.36,5.85,0.49,32.69,10.1,0.53,45.86,12.72,6,17.16,0
2026-08-01 15:21:00,Lower_Back,27.6,6.07,0.55,32.71,22.7,0.47,30.49,7.56,3,47.18,0
2026-08-01 15:22:00,Lower_Back,53.62,6.46,0.22,34.22,11.74,0.07,79.23,14.94,3,50.92,0
2026-08-01 15:23:00,Lower_Back,21.62,3.3,0.41,34.2,0.41,0.25,53.67,17.79,6,19.61,0
2026-08-01 15:24:00,Lower_Back,39.55,2.57,0.23,35.13,29.17,0.42,61.25,8.87,3,60.85,0
2026-08-01 15:25:00,Lower_Back,24.63,4.28,0.9,34.17,23.0,0.55,39.53,12.37,1,58.31,0
2026-08-01 15:26:00,Upper_Back,44.81,2.91,0.39,35.38,20.05,0.5,25.68,19.63,3,57.61,0
2026-08-01 15:27:00,Upper_Back,15.89,4.41,0.65,32.65,43.51,0.64,78.55,10.0,0,49.28,0
2026-08-01 15:28:00,Lower_Back,53.64,5.09,0.23,32.79,25.7,0.27,37.18,13.93,5,63.79,0
2026-08-01 15:29:00,Lower_Back,30.42,4.97,0.73,32.63,38.85,0.5,45.43,6.35,5,72.1,1
2026-08-01 15:30:00,Lower_Back,20.62,2.93,0.46,33.06,6.28,0.12,58.99,14.09,2,19.43,0
2026-08-01 15:31:00,Middle_Back,13.31,1.58,0.92,34.12,25.61,0.38,21.48,6.34,7,56.9,0
2026-08-01 15:32:00,Middle_Back,17.64,3.3,0.91,34.44,39.06,0.65,68.62,19.39,3,58.9,0
2026-08-01 15:33:00,Lower_Back,33.39,1.43,0.46,32.64,26.24,0.6,52.19,15.73,5,53.81,0
2026-08-01 15:34:00,Middle_Back,25.17,6.29,0.92,35.34,32.31,0.84,36.69,16.82,3,51.49,0
2026-08-01 15:35:00,Lower_Back,47.3,2.75,1.0,35.03,16.74,0.27,23.7,15.56,7,49.94,0
2026-08-01 15:36:00,Lower_Back,29.39,1.5,0.86,33.39,4.16,0.45,29.75,13.85,2,45.75,0
2026-08-01 15:37:00,Middle_Back,21.19,0.67,0.88,32.73,20.61,0.31,73.7,11.75,5,43.37,0
2026-08-01 15:38:00,Lower_Back,37.77,4.7,0.4,33.01,17.75,0.4,61.16,17.88,0,30.97,0
2026-08-01 15:39:00,Lower_Back,41.8,4.64,0.66,32.88,39.02,0.74,34.99,19.35,1,76.52,1
2026-08-01 15:40:00,Upper_Back,17.52,2.71,0.25,32.87,10.98,0.6,23.94,12.49,6,13.87,0
2026-08-01 15:41:00,Lower_Back,17.54,0.97,0.28,34.06,43.5,0.76,61.44,18.97,6,68.26,0
2026-08-01 15:42:00,Middle_Back,11.65,3.16,1.0,33.24,43.12,0.21,54.34,13.75,6,64.93,0
2026-08-01 15:43:00,Lower_Back,43.14,2.52,0.46,33.57,11.14,0.75,44.27,13.08,3,42.61,0
2026-08-01 15:44:00,Middle_Back,39.87,4.9,0.8,35.47,15.66,0.1,41.82,11.82,5,48.31,0
2026-08-01 15:45:00,Lower_Back,31.36,4.44,0.85,34.55,40.3,0.76,33.01,8.14,7,87.21,1
2026-08-01 15:46:00,Middle_Back,47.99,2.87,0.89,35.35,43.5,0.31,60.18,5.06,7,83.43,1
2026-08-01 15:47:00,Upper_Back,46.26,1.92,1.0,32.93,19.95,0.3,78.24,8.62,5,51.61,0
2026-08-01 15:48:00,Lower_Back,36.34,6.92,0.39,33.65,14.44,0.46,30.54,12.65,2,49.36,0
2026-08-01 15:49:00,Upper_Back,49.07,3.45,0.23,34.16,23.67,0.8,55.83,10.7,0,67.08,0
2026-08-01 15:50:00,Middle_Back,19.26,4.97,0.53,32.73,30.95,0.09,45.45,11.73,4,42.44,0
2026-08-01 15:51:00,Lower_Back,15.04,1.41,0.3,32.51,12.31,0.33,46.8,19.71,5,34.89,0
2026-08-01 15:52:00,Lower_Back,22.14,3.66,0.22,34.51,33.14,0.74,35.25,10.25,1,58.7,0
2026-08-01 15:53:00,Middle_Back,12.57,0.68,0.49,34.43,2.32,0.37,69.51,11.78,2,20.0,0
2026-08-01 15:54:00,Lower_Back,33.9,3.79,0.83,33.73,2.22,0.21,49.12,7.0,5,26.39,0
2026-08-01 15:55:00,Middle_Back,52.15,6.77,0.65,33.97,17.38,0.39,52.6,5.72,5,53.94,0
2026-08-01 15:56:00,Upper_Back,11.77,3.0,0.45,33.75,15.91,0.36,38.29,16.63,2,19.13,0
2026-08-01 15:57:00,Middle_Back,15.49,0.75,0.72,32.57,14.2,0.78,30.91,13.56,2,36.68,0
2026-08-01 15:58:00,Lower_Back,30.35,0.7,0.39,33.51,22.1,0.66,25.15,16.41,3,47.19,0
2026-08-01 15:59:00,Lower_Back,52.02,3.02,0.21,33.03,14.43,0.45,62.85,7.25,5,58.28,0
2026-08-01 16:00:00,Lower_Back,24.23,1.54,0.81,32.8,8.65,0.84,31.77,13.58,4,62.96,0
2026-08-01 16:01:00,Lower_Back,32.83,0.65,0.7,35.37,13.93,0.42,61.4,8.8,1,55.07,0
2026-08-01 16:02:00,Upper_Back,11.87,5.42,0.81,34.3,43.87,0.1,43.42,8.42,0,32.03,0
2026-08-01 16:03:00,Middle_Back,16.68,3.48,0.23,34.69,18.5,0.26,44.95,5.17,0,35.05,0
2026-08-01 16:04:00,Upper_Back,54.4,2.38,0.87,33.45,20.01,0.4,48.15,6.96,4,52.82,0
2026-08-01 16:05:00,Middle_Back,53.43,6.35,0.7,33.68,25.94,0.18,42.06,9.64,7,64.31,0
2026-08-01 16:06:00,Middle_Back,10.22,1.25,0.65,33.21,44.25,0.81,26.04,6.75,2,60.69,0
2026-08-01 16:07:00,Lower_Back,52.83,6.71,0.7,32.79,10.87,0.66,38.58,19.79,2,58.2,0
2026-08-01 16:08:00,Middle_Back,38.76,2.54,0.89,33.04,30.66,0.26,59.82,9.63,7,66.29,0
2026-08-01 16:09:00,Upper_Back,49.06,6.27,0.67,34.89,32.22,0.52,59.95,6.95,2,51.87,0
2026-08-01 16:10:00,Upper_Back,30.46,4.42,0.66,34.53,27.33,0.63,37.17,7.99,7,66.28,0
2026-08-01 16:11:00,Lower_Back,33.2,5.87,0.99,34.14,3.99,0.8,47.61,13.82,5,66.26,0
2026-08-01 16:12:00,Lower_Back,32.0,6.9,0.81,33.93,30.46,0.76,31.61,5.96,7,75.41,1
2026-08-01 16:13:00,Upper_Back,40.01,2.37,0.55,35.27,2.88,0.46,32.62,17.94,2,39.38,0
2026-08-01 16:14:00,Upper_Back,16.28,6.75,0.77,32.72,26.83,0.67,21.38,19.42,2,45.92,0
2026-08-01 16:15:00,Lower_Back,11.35,3.03,0.51,33.34,33.28,0.5,73.8,8.7,5,68.46,0
2026-08-01 16:16:00,Upper_Back,23.86,3.01,0.38,33.55,9.49,0.49,32.64,11.75,7,8.06,0
2026-08-01 16:17:00,Lower_Back,41.71,2.71,0.68,34.85,37.87,0.14,33.65,5.33,5,89.56,1
2026-08-01 16:18:00,Lower_Back,19.08,4.02,0.94,35.48,1.37,0.15,36.78,14.61,4,33.74,0
2026-08-01 16:19:00,Upper_Back,40.3,1.5,0.94,33.22,37.97,0.47,27.64,11.21,3,65.38,0
2026-08-01 16:20:00,Upper_Back,53.65,4.1,0.47,35.12,20.71,0.27,58.36,9.05,5,29.88,0
2026-08-01 16:21:00,Lower_Back,14.23,4.02,0.62,34.99,9.79,0.07,24.51,8.1,1,16.84,0
2026-08-01 16:22:00,Middle_Back,40.27,5.45,0.37,33.17,6.02,0.63,28.05,14.81,2,20.59,0
2026-08-01 16:23:00,Middle_Back,29.97,5.92,1.0,33.7,42.9,0.08,58.69,11.24,3,66.09,0
2026-08-01 16:24:00,Lower_Back,49.07,3.36,0.98,33.73,3.27,0.53,40.38,7.69,0,47.54,0
2026-08-01 16:25:00,Lower_Back,17.97,2.47,0.72,35.43,8.96,0.48,62.48,15.34,4,27.7,0
2026-08-01 16:26:00,Lower_Back,41.17,2.19,0.84,33.04,15.65,0.83,53.45,13.48,7,82.07,1
2026-08-01 16:27:00,Lower_Back,47.72,1.77,0.77,34.9,27.91,0.44,35.36,17.88,3,74.47,1
2026-08-01 16:28:00,Middle_Back,52.51,0.87,0.67,33.5,24.52,0.1,59.05,6.76,5,62.55,0
2026-08-01 16:29:00,Upper_Back,40.75,2.73,0.24,34.69,5.65,0.49,26.98,16.78,2,26.0,0
2026-08-01 16:30:00,Lower_Back,32.37,2.26,0.56,33.76,13.04,0.72,52.18,15.1,2,36.88,0
2026-08-01 16:31:00,Middle_Back,37.8,6.78,0.74,34.24,10.74,0.85,46.23,6.73,2,61.84,0
2026-08-01 16:32:00,Middle_Back,49.1,4.13,0.74,35.0,9.61,0.39,36.07,15.42,3,38.75,0
2026-08-01 16:33:00,Lower_Back,35.68,2.76,0.5,34.91,18.5,0.31,56.24,11.62,2,30.2,0
2026-08-01 16:34:00,Upper_Back,11.37,4.27,0.95,35.1,31.68,0.78,72.28,19.17,5,78.28,1
2026-08-01 16:35:00,Middle_Back,51.89,1.4,0.33,32.68,9.79,0.2,79.93,7.12,7,62.05,0
2026-08-01 16:36:00,Upper_Back,41.03,3.39,0.6,34.58,16.5,0.54,56.47,14.64,3,46.81,0
2026-08-01 16:37:00,Middle_Back,40.44,4.57,0.75,32.92,17.59,0.37,44.28,10.73,2,66.29,0
2026-08-01 16:38:00,Upper_Back,19.71,3.68,0.76,33.75,43.94,0.08,33.51,19.35,0,47.31,0
2026-08-01 16:39:00,Upper_Back,39.65,3.11,0.72,34.15,42.96,0.33,35.43,9.95,0,58.95,0
2026-08-01 16:40:00,Upper_Back,27.72,6.96,0.42,33.71,36.01,0.26,48.77,19.43,1,40.41,0
2026-08-01 16:41:00,Lower_Back,39.31,6.22,0.32,34.06,10.87,0.6,42.04,18.52,2,60.62,0
2026-08-01 16:42:00,Lower_Back,14.8,4.55,0.71,35.49,3.06,0.81,74.83,9.06,2,31.12,0
2026-08-01 16:43:00,Middle_Back,39.6,4.2,0.68,32.91,14.26,0.26,42.1,17.05,3,44.69,0
2026-08-01 16:44:00,Lower_Back,54.97,4.53,0.34,34.53,12.01,0.7,42.41,19.93,3,52.12,0
2026-08-01 16:45:00,Middle_Back,12.17,1.81,0.76,33.69,22.77,0.09,43.01,8.79,6,27.68,0
2026-08-01 16:46:00,Upper_Back,53.97,3.07,0.56,32.9,35.0,0.48,70.2,11.55,7,86.82,1
2026-08-01 16:47:00,Lower_Back,28.31,0.76,0.73,32.98,38.62,0.11,59.05,12.8,2,54.16,0
2026-08-01 16:48:00,Upper_Back,49.18,3.59,0.87,35.35,38.02,0.8,56.85,9.42,1,78.7,1
2026-08-01 16:49:00,Lower_Back,45.21,4.03,0.34,35.14,16.19,0.66,40.05,5.23,7,72.2,1
2026-08-01 16:50:00,Upper_Back,35.52,1.98,0.22,35.22,30.93,0.58,69.07,8.3,2,72.37,1
2026-08-01 16:51:00,Lower_Back,43.23,6.77,0.82,35.47,14.08,0.71,22.3,9.23,7,69.58,0
2026-08-01 16:52:00,Upper_Back,49.53,6.41,0.69,33.12,2.74,0.57,72.25,11.65,5,36.15,0
2026-08-01 16:53:00,Lower_Back,28.19,5.19,0.76,33.57,31.57,0.83,50.76,7.57,3,70.08,1
2026-08-01 16:54:00,Middle_Back,24.72,3.97,0.87,34.51,0.44,0.62,43.9,18.1,2,29.58,0
2026-08-01 16:55:00,Lower_Back,40.04,6.15,0.84,33.95,18.41,0.79,49.83,15.57,7,74.89,1
2026-08-01 16:56:00,Upper_Back,46.35,1.35,0.97,33.76,14.82,0.46,60.04,6.28,3,40.05,0
2026-08-01 16:57:00,Middle_Back,44.3,5.64,0.63,33.57,31.2,0.14,20.77,14.75,2,56.66,0
2026-08-01 16:58:00,Lower_Back,45.9,1.31,0.59,34.28,34.48,0.47,72.29,14.8,4,77.13,1
2026-08-01 16:59:00,Middle_Back,29.6,5.66,0.52,34.23,13.68,0.15,46.8,19.34,3,9.7,0
2026-08-01 17:00:00,Lower_Back,46.8,2.29,0.32,32.98,36.52,0.52,40.58,5.05,7,68.9,0
2026-08-01 17:01:00,Lower_Back,15.41,6.2,0.66,33.92,13.23,0.44,28.29,8.72,1,26.14,0
2026-08-01 17:02:00,Middle_Back,34.5,6.64,0.42,34.16,20.08,0.55,46.37,18.92,4,48.42,0
2026-08-01 17:03:00,Lower_Back,10.26,1.47,0.94,34.21,32.72,0.06,49.78,18.98,5,65.61,0
2026-08-01 17:04:00,Middle_Back,24.61,3.51,0.67,33.13,31.18,0.21,44.22,15.81,2,47.16,0
2026-08-01 17:05:00,Lower_Back,26.49,6.88,0.67,34.73,44.43,0.44,60.72,16.49,6,70.39,1
2026-08-01 17:06:00,Upper_Back,27.83,3.64,0.48,32.58,10.13,0.81,45.25,6.37,5,45.49,0
2026-08-01 17:07:00,Upper_Back,41.3,6.11,0.24,33.56,29.8,0.36,77.69,12.71,3,49.5,0
2026-08-01 17:08:00,Lower_Back,27.49,4.33,0.23,34.84,27.44,0.39,55.96,8.47,4,54.9,0
2026-08-01 17:09:00,Lower_Back,30.19,2.94,0.54,34.19,41.18,0.62,68.45,7.72,5,86.86,1
2026-08-01 17:10:00,Middle_Back,20.69,2.36,0.27,33.28,7.04,0.53,26.56,17.15,1,33.16,0
2026-08-01 17:11:00,Lower_Back,26.8,1.82,0.69,34.58,33.83,0.29,43.84,7.03,6,61.0,0
2026-08-01 17:12:00,Upper_Back,20.23,5.45,0.9,34.2,25.57,0.38,40.21,12.03,3,59.69,0
2026-08-01 17:13:00,Upper_Back,13.29,3.01,0.91,34.89,12.36,0.22,54.17,19.08,4,32.69,0
2026-08-01 17:14:00,Middle_Back,37.16,3.82,0.73,34.71,21.35,0.82,71.67,7.79,5,60.94,0
2026-08-01 17:15:00,Middle_Back,40.07,3.7,0.37,34.33,15.02,0.15,24.7,19.67,4,52.83,0
2026-08-01 17:16:00,Middle_Back,37.88,4.25,0.89,33.96,26.07,0.35,24.35,19.91,4,56.86,0
2026-08-01 17:17:00,Upper_Back,30.86,6.13,0.91,32.9,40.01,0.07,71.02,13.33,5,50.3,0
2026-08-01 17:18:00,Lower_Back,27.09,6.87,0.36,33.28,25.62,0.23,32.77,7.55,0,55.05,0
2026-08-01 17:19:00,Lower_Back,48.85,3.15,0.79,33.76,28.43,0.67,60.13,9.74,2,97.48,1
2026-08-01 17:20:00,Lower_Back,33.36,5.88,0.43,34.3,23.34,0.21,52.57,11.37,7,49.6,0
2026-08-01 17:21:00,Middle_Back,31.56,5.47,0.84,34.04,2.3,0.11,69.97,9.64,3,15.46,0
2026-08-01 17:22:00,Middle_Back,11.15,4.23,1.0,33.36,10.48,0.43,27.51,9.21,3,25.86,0
2026-08-01 17:23:00,Lower_Back,25.36,6.71,0.22,32.52,22.14,0.06,27.79,19.58,6,40.98,0
2026-08-01 17:24:00,Lower_Back,27.11,1.8,0.92,33.99,13.96,0.12,53.41,7.3,6,51.24,0
2026-08-01 17:25:00,Upper_Back,27.95,1.21,0.7,33.36,8.18,0.7,76.78,16.0,6,49.87,0
2026-08-01 17:26:00,Lower_Back,36.11,6.05,0.98,34.7,22.69,0.67,44.9,5.01,3,67.36,0
2026-08-01 17:27:00,Lower_Back,34.01,3.35,0.57,32.57,14.53,0.78,39.62,13.94,4,71.7,1
2026-08-01 17:28:00,Lower_Back,37.36,6.01,0.88,34.25,11.61,0.73,56.4,18.74,6,58.08,0
2026-08-01 17:29:00,Lower_Back,44.42,6.31,0.25,35.32,20.88,0.6,75.83,9.32,5,73.45,1
2026-08-01 17:30:00,Lower_Back,46.58,0.91,0.47,33.02,6.0,0.09,70.22,7.78,2,27.16,0
2026-08-01 17:31:00,Middle_Back,42.32,6.24,0.25,33.91,41.75,0.68,79.73,14.78,1,81.66,1
2026-08-01 17:32:00,Lower_Back,53.0,3.41,0.98,32.77,39.05,0.73,21.35,15.69,3,90.11,1
2026-08-01 17:33:00,Lower_Back,10.82,3.82,0.85,34.38,31.84,0.69,26.77,15.32,5,63.39,0
2026-08-01 17:34:00,Upper_Back,18.81,4.57,0.88,34.15,4.78,0.46,56.57,9.79,2,19.75,0
2026-08-01 17:35:00,Upper_Back,10.34,6.52,0.95,33.72,34.91,0.24,69.23,8.78,2,59.12,0
2026-08-01 17:36:00,Middle_Back,39.14,0.62,0.27,34.06,36.36,0.73,37.11,19.34,0,59.41,0
2026-08-01 17:37:00,Lower_Back,50.41,3.6,0.51,35.19,34.55,0.63,34.35,18.85,7,75.55,1
2026-08-01 17:38:00,Lower_Back,20.96,4.97,0.26,33.09,5.13,0.83,67.22,11.86,5,63.9,0
2026-08-01 17:39:00,Upper_Back,51.72,5.2,0.37,32.57,28.98,0.17,23.38,17.69,3,57.1,0
2026-08-01 17:40:00,Middle_Back,12.71,5.0,0.38,35.08,37.54,0.23,42.16,11.78,6,24.27,0
2026-08-01 17:41:00,Middle_Back,52.05,1.37,0.58,34.23,25.98,0.22,50.35,11.37,4,49.2,0
2026-08-01 17:42:00,Lower_Back,25.82,2.45,0.41,35.17,29.09,0.68,53.62,7.35,6,48.69,0
2026-08-01 17:43:00,Lower_Back,14.56,2.83,0.28,34.29,20.63,0.2,63.72,11.4,2,21.44,0
2026-08-01 17:44:00,Lower_Back,31.86,5.73,0.33,34.93,23.79,0.1,41.29,13.06,2,6.38,0
2026-08-01 17:45:00,Middle_Back,21.55,2.31,0.32,33.79,1.55,0.85,56.76,5.34,1,28.33,0
2026-08-01 17:46:00,Middle_Back,22.82,1.87,0.98,34.75,28.75,0.07,55.12,11.66,6,34.98,0
2026-08-01 17:47:00,Upper_Back,23.83,6.72,0.81,35.24,3.67,0.72,52.86,16.72,7,39.03,0
2026-08-01 17:48:00,Upper_Back,46.14,0.56,0.97,34.22,19.58,0.34,58.43,15.2,7,39.36,0
2026-08-01 17:49:00,Lower_Back,34.26,6.99,0.55,33.04,13.17,0.72,35.57,14.53,0,48.73,0
2026-08-01 17:50:00,Lower_Back,24.01,4.9,0.42,33.31,24.54,0.49,25.08,18.64,7,49.32,0
2026-08-01 17:51:00,Lower_Back,37.47,5.89,0.84,33.1,6.0,0.77,27.16,5.27,2,63.49,0
2026-08-01 17:52:00,Lower_Back,42.23,2.42,0.46,33.24,31.12,0.79,33.47,13.36,2,88.08,1
2026-08-01 17:53:00,Middle_Back,22.27,0.59,0.44,33.42,35.78,0.06,50.01,16.81,7,55.52,0
2026-08-01 17:54:00,Lower_Back,28.61,5.3,0.39,34.17,7.35,0.11,70.43,13.12,4,21.81,0
2026-08-01 17:55:00,Lower_Back,15.48,5.92,0.3,34.26,4.69,0.25,62.08,9.86,4,38.84,0
2026-08-01 17:56:00,Lower_Back,18.15,5.31,0.41,33.78,6.55,0.59,67.34,7.04,7,23.19,0
2026-08-01 17:57:00,Upper_Back,40.65,1.43,0.48,34.35,39.47,0.76,41.06,18.31,1,59.05,0
2026-08-01 17:58:00,Middle_Back,18.16,5.4,0.74,32.74,23.77,0.42,44.28,12.06,5,44.72,0
2026-08-01 17:59:00,Upper_Back,33.63,5.5,0.25,32.76,21.03,0.54,43.62,18.17,1,63.06,0
2026-08-01 18:00:00,Lower_Back,41.91,4.78,0.37,33.02,4.8,0.2,31.51,13.79,1,22.11,0
2026-08-01 18:01:00,Lower_Back,14.81,5.48,0.85,34.05,29.23,0.69,23.67,15.11,7,63.54,0
2026-08-01 18:02:00,Upper_Back,35.53,6.0,0.32,33.14,39.06,0.82,55.45,17.06,4,61.08,0
2026-08-01 18:03:00,Lower_Back,21.55,4.49,0.47,33.35,37.27,0.26,79.35,14.89,6,71.96,1
2026-08-01 18:04:00,Lower_Back,53.33,1.08,0.89,33.7,28.17,0.45,30.01,10.97,6,83.74,1
2026-08-01 18:05:00,Middle_Back,31.76,3.67,0.32,34.94,3.39,0.12,22.8,12.7,7,24.32,0
2026-08-01 18:06:00,Upper_Back,46.27,1.0,0.27,32.54,5.06,0.5,66.77,17.05,6,30.82,0
2026-08-01 18:07:00,Lower_Back,34.76,3.15,0.59,34.45,2.22,0.45,35.16,10.6,5,27.14,0
2026-08-01 18:08:00,Middle_Back,11.95,3.15,0.44,34.51,11.59,0.17,69.78,10.82,4,6.32,0
2026-08-01 18:09:00,Lower_Back,38.49,0.93,0.65,34.9,6.1,0.4,62.24,6.44,7,45.04,0
2026-08-01 18:10:00,Middle_Back,52.81,2.77,0.84,35.3,11.7,0.32,76.74,18.72,0,33.35,0
2026-08-01 18:11:00,Lower_Back,37.07,1.22,0.31,32.56,17.33,0.47,44.54,6.37,3,35.09,0
2026-08-01 18:12:00,Middle_Back,46.86,5.75,0.66,32.96,42.43,0.52,59.72,14.72,3,76.0,1
2026-08-01 18:13:00,Middle_Back,49.79,6.66,0.6,35.16,27.47,0.06,47.89,11.2,7,48.84,0
2026-08-01 18:14:00,Lower_Back,20.26,0.97,0.32,33.88,37.57,0.66,57.84,11.08,7,67.33,0
2026-08-01 18:15:00,Middle_Back,19.54,6.71,0.7,34.19,31.97,0.62,46.98,15.19,0,59.82,0
2026-08-01 18:16:00,Upper_Back,37.49,3.9,0.42,34.49,5.06,0.34,31.32,6.01,6,26.97,0
2026-08-01 18:17:00,Upper_Back,28.5,2.45,0.59,34.54,33.12,0.09,50.47,13.91,3,40.1,0
2026-08-01 18:18:00,Lower_Back,47.79,1.0,0.27,35.3,12.38,0.65,51.72,16.58,5,57.48,0
2026-08-01 18:19:00,Lower_Back,50.5,3.75,0.57,35.49,28.76,0.81,68.64,17.42,7,77.03,1
2026-08-01 18:20:00,Lower_Back,25.9,5.66,0.45,34.66,15.34,0.24,64.13,7.56,4,37.68,0
2026-08-01 18:21:00,Upper_Back,20.66,5.1,0.86,33.36,44.9,0.31,59.83,18.46,3,64.24,0
2026-08-01 18:22:00,Upper_Back,45.12,0.83,0.25,35.14,11.86,0.2,26.8,14.84,5,13.38,0
2026-08-01 18:23:00,Upper_Back,22.37,0.97,0.53,32.65,12.56,0.51,63.24,18.23,4,44.28,0
2026-08-01 18:24:00,Middle_Back,47.02,3.12,0.57,33.19,41.88,0.17,50.02,12.28,7,62.35,0
2026-08-01 18:25:00,Middle_Back,29.07,2.42,0.78,35.19,1.11,0.33,73.65,13.13,5,28.43,0
2026-08-01 18:26:00,Middle_Back,40.04,2.01,0.66,33.27,31.35,0.61,75.19,18.79,0,77.71,1
2026-08-01 18:27:00,Middle_Back,14.3,2.33,0.73,33.16,32.64,0.5,23.31,18.5,7,65.35,0
2026-08-01 18:28:00,Lower_Back,38.07,5.72,0.82,32.91,37.64,0.36,69.24,11.72,1,71.06,1
2026-08-01 18:29:00,Middle_Back,30.33,6.54,0.89,35.08,43.85,0.39,22.26,9.12,0,61.12,0
2026-08-01 18:30:00,Middle_Back,36.4,3.13,0.45,34.0,43.9,0.5,42.03,10.9,3,81.52,1
2026-08-01 18:31:00,Lower_Back,17.56,6.39,0.63,34.52,2.94,0.05,52.54,10.82,4,21.19,0
2026-08-01 18:32:00,Middle_Back,43.16,2.59,0.87,33.22,36.98,0.11,28.89,9.3,5,54.99,0
2026-08-01 18:33:00,Lower_Back,48.83,3.6,0.99,34.77,29.08,0.76,64.78,9.03,3,76.1,1
2026-08-01 18:34:00,Lower_Back,19.75,1.97,0.91,34.78,29.13,0.11,20.5,17.92,3,23.02,0
2026-08-01 18:35:00,Lower_Back,14.31,4.66,0.5,33.44,5.78,0.62,30.12,6.05,7,36.13,0
2026-08-01 18:36:00,Upper_Back,11.06,6.86,0.36,33.73,29.26,0.79,54.85,15.16,1,48.19,0
2026-08-01 18:37:00,Lower_Back,38.89,4.42,0.59,33.13,44.21,0.27,62.86,7.59,6,89.21,1
2026-08-01 18:38:00,Middle_Back,37.32,2.83,0.79,35.43,41.03,0.35,75.0,10.17,3,75.01,1
2026-08-01 18:39:00,Upper_Back,34.6,4.71,0.59,34.44,19.76,0.51,62.33,5.92,1,57.69,0
2026-08-01 18:40:00,Middle_Back,20.44,1.3,0.59,35.3,1.8,0.76,60.31,9.05,4,26.46,0
2026-08-01 18:41:00,Lower_Back,27.59,6.28,0.87,33.41,16.3,0.8,43.66,16.53,4,71.41,1
2026-08-01 18:42:00,Middle_Back,36.75,3.77,0.49,34.85,37.19,0.64,20.08,18.28,5,65.45,0
2026-08-01 18:43:00,Middle_Back,32.35,3.42,0.89,34.8,31.57,0.12,27.21,8.32,6,59.61,0
2026-08-01 18:44:00,Lower_Back,54.45,4.31,0.53,34.57,20.67,0.59,52.07,11.95,1,48.68,0
2026-08-01 18:45:00,Upper_Back,16.14,4.56,0.46,35.4,2.48,0.38,60.51,12.05,0,12.7,0
2026-08-01 18:46:00,Upper_Back,41.28,0.97,0.56,33.68,19.21,0.43,45.05,18.1,4,26.2,0
2026-08-01 18:47:00,Upper_Back,28.19,4.94,0.81,32.89,21.11,0.09,63.84,16.44,7,36.22,0
2026-08-01 18:48:00,Upper_Back,29.27,2.07,0.3,34.52,41.78,0.2,51.31,12.7,6,60.99,0
2026-08-01 18:49:00,Upper_Back,42.29,5.14,0.36,34.69,28.85,0.68,24.45,15.06,5,56.85,0
2026-08-01 18:50:00,Upper_Back,41.16,5.85,0.96,34.23,14.02,0.41,31.52,17.71,0,27.92,0
2026-08-01 18:51:00,Lower_Back,54.61,5.73,0.34,33.12,23.64,0.29,70.4,5.14,4,68.46,0
2026-08-01 18:52:00,Upper_Back,15.78,4.09,0.65,34.01,2.97,0.36,63.49,11.04,4,16.37,0
2026-08-01 18:53:00,Middle_Back,14.68,3.88,0.66,33.44,43.77,0.73,73.69,18.61,5,72.38,1
2026-08-01 18:54:00,Lower_Back,42.6,1.43,0.59,33.78,16.2,0.65,27.05,16.1,5,58.82,0
2026-08-01 18:55:00,Middle_Back,36.03,5.54,0.72,34.44,21.5,0.27,79.41,13.14,2,72.42,1
2026-08-01 18:56:00,Lower_Back,22.34,2.26,0.38,34.74,15.99,0.14,32.56,12.94,7,43.88,0
2026-08-01 18:57:00,Upper_Back,13.57,3.73,0.64,33.2,30.71,0.25,20.71,10.22,3,48.05,0
2026-08-01 18:58:00,Upper_Back,13.85,2.35,0.5,33.72,29.8,0.79,79.85,12.81,3,61.75,0
2026-08-01 18:59:00,Upper_Back,50.24,1.37,0.73,33.31,32.19,0.52,36.86,14.83,0,64.68,0
2026-08-01 19:00:00,Upper_Back,18.63,4.59,0.31,33.1,12.07,0.48,60.08,11.28,3,2.85,0
2026-08-01 19:01:00,Upper_Back,24.55,0.85,0.66,34.85,14.21,0.53,30.6,15.71,0,24.16,0
2026-08-01 19:02:00,Upper_Back,20.2,5.37,0.35,35.23,5.64,0.34,54.81,17.92,6,15.17,0
2026-08-01 19:03:00,Upper_Back,25.97,2.56,0.42,33.61,29.5,0.7,74.24,7.32,4,40.92,0
2026-08-01 19:04:00,Upper_Back,13.12,0.5,0.37,34.75,1.79,0.47,39.21,11.77,2,0.0,0
2026-08-01 19:05:00,Middle_Back,33.36,3.82,0.35,35.19,26.9,0.14,60.22,11.12,2,20.43,0
2026-08-01 19:06:00,Upper_Back,13.04,0.8,0.86,35.04,39.14,0.15,31.27,15.31,7,49.78,0
2026-08-01 19:07:00,Middle_Back,46.02,2.3,0.43,33.05,40.09,0.48,57.49,8.75,7,86.31,1
2026-08-01 19:08:00,Middle_Back,20.52,5.1,0.94,35.37,20.21,0.8,40.19,14.6,4,67.4,0
2026-08-01 19:09:00,Lower_Back,34.3,0.91,0.98,33.63,20.67,0.3,32.67,18.16,5,56.46,0
2026-08-01 19:10:00,Upper_Back,49.6,5.96,0.66,33.52,3.46,0.75,38.79,11.27,7,38.7,0
2026-08-01 19:11:00,Lower_Back,39.29,0.52,0.31,32.69,30.18,0.66,30.73,18.67,7,52.2,0
2026-08-01 19:12:00,Lower_Back,33.98,2.1,0.5,33.96,36.96,0.25,74.11,19.9,1,43.58,0
2026-08-01 19:13:00,Upper_Back,24.6,5.32,0.84,32.83,11.01,0.08,43.83,6.59,1,4.58,0
2026-08-01 19:14:00,Lower_Back,24.99,2.56,0.49,33.25,18.96,0.13,34.72,8.5,3,23.92,0
2026-08-01 19:15:00,Lower_Back,40.13,1.16,0.27,33.45,37.75,0.63,46.9,19.26,5,75.84,1
2026-08-01 19:16:00,Upper_Back,54.74,2.84,0.65,34.93,39.47,0.21,39.23,19.37,0,51.73,0
2026-08-01 19:17:00,Upper_Back,39.78,2.26,0.88,35.13,10.94,0.35,64.67,6.47,6,45.34,0
2026-08-01 19:18:00,Lower_Back,35.1,5.98,0.84,33.41,24.78,0.45,78.27,5.22,2,58.86,0
2026-08-01 19:19:00,Lower_Back,42.88,2.54,0.34,35.08,8.66,0.63,46.28,7.42,3,46.6,0
2026-08-01 19:20:00,Upper_Back,30.93,5.63,0.74,35.07,4.58,0.14,71.66,19.94,7,35.94,0
2026-08-01 19:21:00,Upper_Back,12.71,6.3,0.38,34.79,41.0,0.38,53.95,7.7,4,40.46,0
2026-08-01 19:22:00,Middle_Back,35.3,3.32,0.37,32.94,36.92,0.44,29.43,12.54,5,66.76,0
2026-08-01 19:23:00,Middle_Back,53.09,6.41,0.9,34.57,34.2,0.48,61.44,17.73,7,81.04,1
2026-08-01 19:24:00,Lower_Back,17.89,2.95,0.4,35.34,2.19,0.7,50.81,5.31,2,26.86,0
2026-08-01 19:25:00,Middle_Back,41.05,6.77,0.41,34.55,37.97,0.19,59.04,14.07,0,63.95,0
2026-08-01 19:26:00,Middle_Back,19.04,1.08,0.2,33.49,19.71,0.7,73.38,9.16,0,50.23,0
2026-08-01 19:27:00,Lower_Back,34.11,4.97,0.9,34.0,15.41,0.6,46.43,17.94,1,42.95,0
2026-08-01 19:28:00,Upper_Back,14.35,3.71,0.83,34.44,24.59,0.49,74.07,9.25,3,43.93,0
2026-08-01 19:29:00,Upper_Back,30.27,3.02,0.7,34.03,4.11,0.61,65.04,15.3,7,41.11,0
2026-08-01 19:30:00,Lower_Back,44.03,4.61,0.8,32.86,34.05,0.38,49.32,15.11,4,69.31,0
2026-08-01 19:31:00,Lower_Back,25.64,5.08,0.32,33.44,26.21,0.16,56.19,8.32,2,46.37,0
2026-08-01 19:32:00,Middle_Back,39.92,0.53,0.57,34.91,8.4,0.58,39.53,5.52,7,48.17,0
2026-08-01 19:33:00,Middle_Back,45.8,1.59,0.48,35.08,8.47,0.47,79.02,11.14,6,64.34,0
2026-08-01 19:34:00,Upper_Back,51.72,5.13,0.28,32.91,8.29,0.56,60.04,9.34,0,21.97,0
2026-08-01 19:35:00,Middle_Back,20.56,4.83,0.59,35.36,2.57,0.32,22.63,17.13,7,18.74,0
2026-08-01 19:36:00,Middle_Back,27.97,6.78,0.94,33.49,26.45,0.78,39.6,17.01,2,53.95,0
2026-08-01 19:37:00,Upper_Back,16.86,5.45,0.23,34.49,37.82,0.52,57.4,11.86,4,60.44,0
2026-08-01 19:38:00,Upper_Back,54.66,6.68,0.43,34.76,0.79,0.12,23.38,14.1,2,0.68,0
2026-08-01 19:39:00,Middle_Back,51.72,5.07,0.37,34.94,2.21,0.41,21.43,14.06,3,33.24,0
2026-08-01 19:40:00,Upper_Back,34.3,2.44,0.39,35.34,25.77,0.66,47.0,17.41,1,45.41,0
2026-08-01 19:41:00,Middle_Back,47.89,1.18,0.93,33.44,36.88,0.69,39.96,11.38,2,73.0,1
2026-08-01 19:42:00,Upper_Back,33.44,5.58,0.57,35.08,14.7,0.45,46.3,9.13,5,25.26,0
2026-08-01 19:43:00,Middle_Back,38.06,4.69,0.57,32.9,15.73,0.77,35.76,8.98,7,53.31,0
2026-08-01 19:44:00,Upper_Back,14.01,0.81,0.81,34.62,26.84,0.26,29.88,13.04,1,44.14,0
2026-08-01 19:45:00,Lower_Back,43.99,2.84,0.32,34.73,12.34,0.38,61.35,11.74,4,44.72,0
2026-08-01 19:46:00,Middle_Back,15.75,6.72,0.59,34.53,1.2,0.77,50.87,11.6,1,32.73,0
2026-08-01 19:47:00,Lower_Back,47.17,3.75,0.54,33.26,33.09,0.77,32.01,6.37,2,95.03,1
2026-08-01 19:48:00,Lower_Back,45.19,3.31,0.68,35.12,28.15,0.6,39.18,15.78,2,71.52,1
2026-08-01 19:49:00,Middle_Back,41.89,3.48,1.0,33.01,26.13,0.74,55.51,8.21,5,68.41,0
2026-08-01 19:50:00,Upper_Back,11.63,1.86,0.82,32.66,33.38,0.12,24.33,7.95,0,37.23,0
2026-08-01 19:51:00,Middle_Back,23.64,2.9,0.52,34.65,30.39,0.74,28.85,11.19,7,58.92,0
2026-08-01 19:52:00,Middle_Back,21.84,2.9,0.86,33.93,9.26,0.31,24.39,8.42,5,22.89,0
2026-08-01 19:53:00,Lower_Back,26.21,0.84,0.34,35.05,15.86,0.19,68.74,13.76,2,17.19,0
2026-08-01 19:54:00,Middle_Back,13.94,5.49,0.22,33.65,5.67,0.24,65.14,10.57,6,25.35,0
2026-08-01 19:55:00,Upper_Back,52.16,3.21,0.36,33.0,5.84,0.38,65.2,11.73,1,27.9,0
2026-08-01 19:56:00,Upper_Back,34.92,5.84,0.47,35.01,30.43,0.25,62.98,13.06,5,52.64,0
2026-08-01 19:57:00,Middle_Back,23.75,6.03,0.61,34.15,38.64,0.31,60.16,8.05,5,49.72,0
2026-08-01 19:58:00,Lower_Back,27.86,1.88,0.69,33.07,43.32,0.16,48.62,7.34,7,73.45,1
2026-08-01 19:59:00,Middle_Back,30.12,4.77,0.93,34.66,28.28,0.29,58.54,18.21,6,48.74,0
2026-08-01 20:00:00,Middle_Back,37.03,3.57,0.61,34.03,8.28,0.51,22.3,11.51,6,37.55,0
2026-08-01 20:01:00,Lower_Back,33.21,6.22,0.6,34.31,4.75,0.4,57.29,11.18,6,46.77,0
2026-08-01 20:02:00,Lower_Back,51.37,1.9,0.24,33.88,36.58,0.33,66.67,5.53,7,83.32,1
2026-08-01 20:03:00,Upper_Back,32.36,4.91,0.23,34.99,26.04,0.65,50.02,12.47,0,47.78,0
2026-08-01 20:04:00,Upper_Back,54.65,4.45,0.64,34.99,27.82,0.76,41.45,13.31,2,53.07,0
2026-08-01 20:05:00,Upper_Back,48.31,2.42,0.55,34.63,35.17,0.66,36.65,13.38,2,100.0,1
2026-08-01 20:06:00,Upper_Back,19.38,1.39,0.87,32.82,31.65,0.32,58.57,15.61,4,67.21,0
2026-08-01 20:07:00,Upper_Back,51.88,4.74,0.33,35.02,37.55,0.65,61.57,7.66,7,87.4,1
2026-08-01 20:08:00,Upper_Back,15.24,5.3,0.22,34.51,2.53,0.17,72.26,8.78,0,0.0,0
2026-08-01 20:09:00,Upper_Back,46.79,2.55,0.56,34.59,33.64,0.15,40.54,17.16,4,53.09,0
2026-08-01 20:10:00,Upper_Back,27.13,4.69,0.39,33.59,38.29,0.33,66.19,19.21,4,50.55,0
2026-08-01 20:11:00,Lower_Back,49.51,3.07,0.24,35.14,12.88,0.7,53.68,7.04,4,69.69,0
2026-08-01 20:12:00,Upper_Back,49.06,5.14,0.78,34.68,28.82,0.25,72.97,12.46,7,65.29,0
2026-08-01 20:13:00,Middle_Back,46.27,1.79,0.29,32.84,14.14,0.1,51.67,8.21,3,23.53,0
2026-08-01 20:14:00,Middle_Back,45.55,6.29,0.69,33.72,43.11,0.16,51.06,5.9,4,64.19,0
2026-08-01 20:15:00,Lower_Back,23.71,2.37,0.42,35.16,1.5,0.74,54.67,9.88,5,48.89,0
2026-08-01 20:16:00,Upper_Back,13.64,2.89,0.34,32.64,26.09,0.56,64.96,7.16,1,56.07,0
2026-08-01 20:17:00,Middle_Back,28.13,0.88,0.5,35.38,7.49,0.25,77.88,15.65,5,43.56,0
2026-08-01 20:18:00,Lower_Back,17.81,1.22,0.84,34.54,32.05,0.49,24.41,13.01,5,68.2,0
2026-08-01 20:19:00,Lower_Back,41.27,3.85,0.51,34.39,7.92,0.47,23.21,7.16,2,35.71,0
2026-08-01 20:20:00,Lower_Back,25.57,2.24,0.8,33.31,10.59,0.57,76.25,5.14,3,14.12,0
2026-08-01 20:21:00,Upper_Back,53.9,5.93,0.3,33.25,22.25,0.24,51.79,17.12,7,53.22,0
2026-08-01 20:22:00,Upper_Back,38.84,0.6,0.82,35.33,41.17,0.74,56.89,7.64,4,82.37,1
2026-08-01 20:23:00,Lower_Back,47.01,2.96,0.39,33.39,9.53,0.3,48.95,14.09,2,39.27,0
2026-08-01 20:24:00,Lower_Back,15.96,2.69,0.74,34.83,6.49,0.61,25.62,10.05,0,30.04,0
2026-08-01 20:25:00,Middle_Back,48.79,0.63,0.65,33.68,34.15,0.06,66.09,13.78,0,40.82,0
2026-08-01 20:26:00,Middle_Back,51.52,1.31,0.94,32.92,22.53,0.35,64.83,9.73,7,70.14,1
2026-08-01 20:27:00,Upper_Back,31.92,3.19,0.51,32.53,41.03,0.33,38.7,6.3,2,63.89,0
2026-08-01 20:28:00,Lower_Back,37.28,3.7,0.25,34.13,6.6,0.48,38.37,8.34,1,39.43,0
2026-08-01 20:29:00,Upper_Back,44.42,3.13,0.22,35.43,29.07,0.11,70.27,7.82,7,58.86,0
2026-08-01 20:30:00,Middle_Back,17.87,3.95,0.86,33.61,10.48,0.68,24.34,11.42,2,42.14,0
2026-08-01 20:31:00,Middle_Back,32.62,4.37,0.62,33.57,7.05,0.22,72.87,14.87,2,22.04,0
2026-08-01 20:32:00,Middle_Back,27.94,0.56,0.82,33.53,30.75,0.59,35.4,8.96,3,60.2,0
2026-08-01 20:33:00,Upper_Back,16.59,3.52,0.39,34.06,26.72,0.69,55.58,5.18,7,54.63,0
2026-08-01 20:34:00,Upper_Back,26.54,6.76,0.48,33.82,33.97,0.5,76.16,12.78,0,55.0,0
2026-08-01 20:35:00,Lower_Back,13.07,3.87,0.22,35.14,13.93,0.64,60.69,14.09,0,44.56,0
2026-08-01 20:36:00,Upper_Back,11.16,4.9,0.97,34.02,20.16,0.58,44.87,19.44,4,48.86,0
2026-08-01 20:37:00,Middle_Back,16.08,2.53,0.73,34.02,18.25,0.33,61.37,13.84,5,58.35,0
2026-08-01 20:38:00,Upper_Back,53.34,5.53,0.95,32.92,44.28,0.7,40.64,12.07,7,100.0,1
2026-08-01 20:39:00,Middle_Back,34.73,5.52,0.41,35.45,13.15,0.29,36.64,13.6,2,30.56,0
2026-08-01 20:40:00,Middle_Back,53.46,3.89,0.69,33.25,13.27,0.51,79.8,18.92,7,21.24,0
2026-08-01 20:41:00,Upper_Back,29.46,6.84,0.74,32.72,15.95,0.65,65.05,17.43,2,58.18,0
2026-08-01 20:42:00,Middle_Back,24.03,1.32,0.45,34.49,25.41,0.35,58.68,9.84,1,35.67,0
2026-08-01 20:43:00,Upper_Back,32.78,0.61,0.88,34.29,11.35,0.29,41.32,8.56,7,28.25,0
2026-08-01 20:44:00,Upper_Back,29.78,5.51,0.96,33.75,41.19,0.42,22.95,8.94,6,64.16,0
2026-08-01 20:45:00,Lower_Back,14.75,5.75,0.91,33.77,11.96,0.7,21.86,12.57,6,42.43,0
2026-08-01 20:46:00,Middle_Back,38.84,1.28,0.79,34.86,40.31,0.79,53.25,16.16,0,86.61,1
2026-08-01 20:47:00,Lower_Back,19.72,2.23,0.42,33.09,4.66,0.49,65.72,12.55,1,11.2,0
2026-08-01 20:48:00,Upper_Back,37.88,0.61,0.43,34.96,29.55,0.58,52.24,6.02,3,47.42,0
2026-08-01 20:49:00,Lower_Back,39.26,2.41,0.97,34.45,40.81,0.77,70.45,15.85,4,97.33,1
2026-08-01 20:50:00,Lower_Back,16.84,5.53,0.21,33.76,7.59,0.13,22.01,17.09,1,16.24,0
2026-08-01 20:51:00,Middle_Back,12.76,3.87,0.77,33.87,43.57,0.24,42.01,9.34,0,58.05,0
2026-08-01 20:52:00,Middle_Back,45.13,2.76,0.76,33.27,20.38,0.62,34.22,14.96,3,50.47,0
2026-08-01 20:53:00,Middle_Back,30.69,2.92,0.7,34.76,42.56,0.71,46.84,11.4,2,67.16,0
2026-08-01 20:54:00,Middle_Back,12.62,0.51,0.99,34.04,30.46,0.74,24.34,18.34,3,53.95,0
2026-08-01 20:55:00,Lower_Back,54.77,2.45,0.45,33.46,13.57,0.38,77.25,17.68,5,58.09,0
2026-08-01 20:56:00,Lower_Back,12.6,4.7,0.47,34.29,8.47,0.12,33.4,12.88,7,35.03,0
2026-08-01 20:57:00,Lower_Back,41.28,6.83,0.26,35.49,13.67,0.4,75.34,15.37,1,22.25,0
2026-08-01 20:58:00,Upper_Back,54.27,6.01,0.55,33.81,4.19,0.23,45.55,18.25,0,22.9,0
2026-08-01 20:59:00,Lower_Back,20.76,0.65,0.41,35.26,6.47,0.28,79.13,12.44,1,10.23,0
2026-08-01 21:00:00,Lower_Back,16.4,6.34,0.47,33.54,4.71,0.67,53.24,9.7,2,15.45,0
2026-08-01 21:01:00,Upper_Back,15.46,5.59,0.87,32.66,19.03,0.11,75.85,16.3,6,41.6,0
2026-08-01 21:02:00,Upper_Back,23.65,5.57,0.95,33.11,35.8,0.71,20.32,8.3,2,69.55,0
2026-08-01 21:03:00,Lower_Back,14.55,3.48,0.35,33.76,6.36,0.39,64.89,10.83,0,25.33,0
2026-08-01 21:04:00,Middle_Back,41.15,3.09,0.5,33.16,5.86,0.53,74.18,17.99,5,50.68,0
2026-08-01 21:05:00,Lower_Back,12.8,2.47,0.94,32.5,28.95,0.12,28.38,15.87,4,38.11,0
2026-08-01 21:06:00,Upper_Back,32.92,0.93,0.25,35.25,8.87,0.32,25.77,11.06,7,21.67,0
2026-08-01 21:07:00,Lower_Back,54.85,1.98,0.27,35.03,4.39,0.12,45.47,8.22,7,56.76,0
2026-08-01 21:08:00,Upper_Back,46.63,2.1,0.33,34.73,7.51,0.82,76.02,10.34,3,46.0,0
2026-08-01 21:09:00,Upper_Back,37.68,3.65,0.68,33.0,41.57,0.7,52.54,9.26,3,84.82,1
2026-08-01 21:10:00,Upper_Back,23.78,5.36,0.32,32.86,36.97,0.42,51.65,7.64,2,51.46,0
2026-08-01 21:11:00,Lower_Back,38.08,3.58,0.97,32.7,15.93,0.23,28.47,16.15,1,23.05,0
2026-08-01 21:12:00,Lower_Back,33.72,0.88,0.56,34.67,29.51,0.8,20.05,8.78,6,52.75,0
2026-08-01 21:13:00,Middle_Back,29.17,6.73,0.6,35.29,24.18,0.33,68.61,11.81,1,38.16,0
2026-08-01 21:14:00,Middle_Back,15.88,6.63,0.4,33.79,30.47,0.18,25.25,10.79,5,48.37,0
2026-08-01 21:15:00,Lower_Back,49.9,5.6,0.58,32.86,30.72,0.5,58.03,19.73,4,81.54,1
2026-08-01 21:16:00,Middle_Back,30.24,6.94,0.73,34.04,28.29,0.81,74.88,10.87,7,83.34,1
2026-08-01 21:17:00,Lower_Back,18.76,4.04,0.8,33.55,11.97,0.05,32.52,6.2,1,10.88,0
2026-08-01 21:18:00,Middle_Back,26.55,6.76,0.8,33.62,1.76,0.24,59.92,6.35,7,41.45,0
2026-08-01 21:19:00,Middle_Back,28.64,0.99,0.66,34.36,20.5,0.8,24.72,13.86,3,45.01,0
2026-08-01 21:20:00,Middle_Back,47.24,2.88,0.92,34.66,40.09,0.19,56.23,13.99,7,76.62,1
2026-08-01 21:21:00,Middle_Back,43.01,1.96,0.85,32.83,25.63,0.14,29.84,11.28,6,51.16,0
2026-08-01 21:22:00,Lower_Back,44.62,1.77,0.81,32.61,37.46,0.51,64.16,11.48,7,83.55,1
2026-08-01 21:23:00,Middle_Back,10.5,1.42,0.24,35.48,44.62,0.74,38.07,5.81,1,76.64,1
2026-08-01 21:24:00,Upper_Back,28.73,4.55,0.21,33.2,7.36,0.43,47.8,12.75,6,19.45,0
2026-08-01 21:25:00,Lower_Back,31.66,5.58,0.37,32.66,31.13,0.85,55.97,12.57,7,64.56,0
2026-08-01 21:26:00,Middle_Back,10.86,4.26,0.73,33.07,30.34,0.59,30.28,7.24,4,52.34,0
2026-08-01 21:27:00,Middle_Back,21.69,1.46,0.53,32.62,44.1,0.11,64.5,6.56,3,51.29,0
2026-08-01 21:28:00,Lower_Back,44.21,5.77,0.52,33.68,44.35,0.84,38.16,6.85,7,100.0,1
2026-08-01 21:29:00,Lower_Back,16.17,4.63,0.91,34.91,30.9,0.38,59.74,6.52,6,66.84,0
2026-08-01 21:30:00,Upper_Back,34.09,3.02,0.92,33.52,10.96,0.28,29.5,14.15,1,23.86,0
2026-08-01 21:31:00,Lower_Back,19.68,4.88,0.93,33.83,35.94,0.5,61.29,7.95,3,57.11,0
2026-08-01 21:32:00,Lower_Back,10.55,2.19,0.45,34.53,4.82,0.29,27.69,8.77,2,0.0,0
2026-08-01 21:33:00,Middle_Back,20.85,2.74,0.75,34.03,35.13,0.12,45.52,7.6,2,35.09,0
2026-08-01 21:34:00,Upper_Back,53.91,6.46,0.42,35.08,40.96,0.05,34.83,19.37,5,62.06,0
2026-08-01 21:35:00,Lower_Back,46.07,2.39,0.35,35.1,17.23,0.41,64.9,17.82,2,64.58,0
2026-08-01 21:36:00,Lower_Back,53.18,3.55,0.35,32.53,28.38,0.72,35.72,8.46,1,82.83,1
2026-08-01 21:37:00,Middle_Back,31.95,6.29,0.47,34.83,19.36,0.51,72.9,9.91,4,51.24,0
2026-08-01 21:38:00,Lower_Back,14.94,5.1,0.54,33.88,19.7,0.85,73.51,8.15,3,53.74,0
2026-08-01 21:39:00,Lower_Back,34.66,0.9,0.86,35.47,13.97,0.28,31.79,12.38,6,47.47,0
2026-08-01 21:40:00,Upper_Back,30.45,1.46,0.3,33.95,34.3,0.27,56.83,5.29,0,39.55,0
2026-08-01 21:41:00,Middle_Back,48.0,0.55,0.79,35.46,42.13,0.18,25.26,15.07,2,83.19,1
2026-08-01 21:42:00,Upper_Back,14.41,4.6,0.63,34.76,42.33,0.18,43.49,12.85,2,45.49,0
2026-08-01 21:43:00,Lower_Back,31.97,3.41,0.43,33.25,7.87,0.28,62.8,18.48,0,26.78,0
2026-08-01 21:44:00,Upper_Back,16.75,1.37,0.59,34.12,39.36,0.68,59.57,7.47,6,46.1,0
2026-08-01 21:45:00,Middle_Back,24.61,6.73,0.44,35.48,33.18,0.77,57.48,17.06,6,67.48,0
2026-08-01 21:46:00,Lower_Back,43.18,3.94,0.68,35.07,11.38,0.83,36.95,16.88,0,63.75,0
2026-08-01 21:47:00,Lower_Back,31.42,2.07,0.55,32.79,3.03,0.24,42.68,6.91,6,17.07,0
2026-08-01 21:48:00,Middle_Back,26.91,3.75,0.33,34.62,12.06,0.76,26.18,10.98,1,29.86,0
2026-08-01 21:49:00,Lower_Back,27.75,4.92,0.29,33.54,41.05,0.31,63.14,7.55,6,75.32,1
2026-08-01 21:50:00,Upper_Back,30.68,1.0,0.64,32.52,28.49,0.14,50.23,8.82,3,26.52,0
2026-08-01 21:51:00,Lower_Back,45.33,2.29,0.92,33.71,32.45,0.75,62.53,8.95,6,98.88,1
2026-08-01 21:52:00,Upper_Back,50.14,5.75,0.48,33.2,11.57,0.56,34.94,13.34,7,43.1,0
2026-08-01 21:53:00,Middle_Back,52.99,3.49,0.79,34.96,32.37,0.18,39.47,11.17,7,61.94,0
2026-08-01 21:54:00,Lower_Back,45.41,4.05,0.73,33.51,1.27,0.39,40.05,19.22,2,23.44,0
2026-08-01 21:55:00,Upper_Back,24.19,3.31,0.95,34.98,16.89,0.28,21.54,6.9,4,36.51,0
2026-08-01 21:56:00,Upper_Back,40.97,0.79,0.86,32.5,28.2,0.64,40.46,19.61,1,86.2,1
2026-08-01 21:57:00,Lower_Back,29.69,1.58,0.65,33.42,6.57,0.41,68.2,8.46,1,41.8,0
2026-08-01 21:58:00,Lower_Back,21.46,3.4,0.73,33.22,37.04,0.84,73.84,16.59,6,75.12,1
2026-08-01 21:59:00,Lower_Back,47.84,1.86,0.92,33.2,10.58,0.09,51.09,10.08,4,52.65,0
2026-08-01 22:00:00,Lower_Back,11.73,0.82,0.52,32.7,29.35,0.33,47.33,7.15,4,43.69,0
2026-08-01 22:01:00,Middle_Back,50.58,5.98,0.46,33.06,18.23,0.44,21.85,17.87,5,64.21,0
2026-08-01 22:02:00,Upper_Back,30.77,6.88,0.21,34.17,26.82,0.45,72.75,9.63,4,56.53,0
2026-08-01 22:03:00,Middle_Back,38.67,5.66,0.86,33.37,4.84,0.3,20.78,14.88,6,2.63,0
2026-08-01 22:04:00,Upper_Back,39.67,6.05,0.84,33.75,0.76,0.63,76.69,13.5,6,31.47,0
2026-08-01 22:05:00,Lower_Back,50.28,2.07,0.28,33.63,40.93,0.75,49.35,12.08,0,93.15,1
2026-08-01 22:06:00,Middle_Back,38.65,6.74,0.66,35.13,12.13,0.8,40.52,12.44,2,52.44,0
2026-08-01 22:07:00,Middle_Back,37.63,1.78,0.57,35.22,36.89,0.69,75.45,15.98,7,71.02,1
2026-08-01 22:08:00,Middle_Back,13.0,6.68,0.29,33.98,44.97,0.73,21.46,6.32,5,62.12,0
2026-08-01 22:09:00,Lower_Back,33.33,6.97,0.98,33.49,9.51,0.49,54.89,15.02,6,31.01,0
2026-08-01 22:10:00,Upper_Back,16.76,5.13,0.37,32.82,11.93,0.71,52.94,18.44,0,28.96,0
2026-08-01 22:11:00,Middle_Back,43.18,6.88,0.25,35.36,29.83,0.29,33.16,5.87,5,75.14,1
2026-08-01 22:12:00,Middle_Back,33.05,4.2,0.68,32.68,43.45,0.37,45.73,7.11,2,75.35,1
2026-08-01 22:13:00,Lower_Back,40.61,2.19,0.79,33.39,41.21,0.3,59.14,15.75,5,99.35,1
2026-08-01 22:14:00,Upper_Back,11.88,3.34,0.23,33.39,22.63,0.42,63.63,11.56,0,37.34,0
2026-08-01 22:15:00,Lower_Back,13.82,4.36,0.73,33.46,35.78,0.28,20.04,11.05,3,61.53,0
2026-08-01 22:16:00,Lower_Back,42.23,0.98,0.63,32.99,6.11,0.82,76.21,7.05,7,80.61,1
2026-08-01 22:17:00,Middle_Back,13.24,4.55,0.28,34.85,43.98,0.3,29.87,12.6,6,58.88,0
2026-08-01 22:18:00,Lower_Back,13.21,6.88,0.34,32.87,43.4,0.13,34.01,6.9,7,53.9,0
2026-08-01 22:19:00,Lower_Back,10.54,1.74,0.65,34.4,7.37,0.47,35.81,12.15,2,36.15,0
2026-08-01 22:20:00,Lower_Back,53.04,5.65,0.44,32.87,13.47,0.1,22.27,16.45,1,49.45,0
2026-08-01 22:21:00,Upper_Back,43.19,6.4,0.95,32.71,4.51,0.14,27.38,8.87,2,17.44,0
2026-08-01 22:22:00,Middle_Back,25.9,6.63,0.85,35.23,12.23,0.23,79.18,12.21,2,24.47,0
2026-08-01 22:23:00,Lower_Back,23.34,6.74,0.99,33.07,36.72,0.42,38.91,19.88,2,66.45,0
2026-08-01 22:24:00,Middle_Back,25.74,3.89,0.41,34.96,17.02,0.4,26.92,15.3,3,41.8,0
2026-08-01 22:25:00,Lower_Back,44.86,6.85,0.98,34.13,3.98,0.69,26.42,17.62,6,61.58,0
2026-08-01 22:26:00,Lower_Back,39.76,5.42,0.54,32.73,15.4,0.64,63.17,11.22,0,38.43,0
2026-08-01 22:27:00,Lower_Back,18.33,1.55,0.48,35.37,44.16,0.39,71.27,16.52,6,90.78,1
2026-08-01 22:28:00,Middle_Back,17.83,3.6,0.24,33.24,28.34,0.32,35.42,5.61,1,28.92,0
2026-08-01 22:29:00,Upper_Back,14.43,5.17,0.24,35.08,18.73,0.3,21.25,6.84,0,15.13,0
2026-08-01 22:30:00,Lower_Back,39.71,2.11,0.75,33.01,7.49,0.67,33.39,8.05,5,42.0,0
2026-08-01 22:31:00,Lower_Back,44.4,4.66,0.57,35.06,44.38,0.09,23.39,11.03,5,96.52,1
2026-08-01 22:32:00,Upper_Back,21.93,4.83,0.38,32.54,36.94,0.06,26.2,17.69,5,42.98,0
2026-08-01 22:33:00,Lower_Back,10.94,1.56,0.69,34.04,12.67,0.69,45.89,10.19,0,29.12,0
2026-08-01 22:34:00,Lower_Back,13.7,4.17,0.4,34.81,3.15,0.43,33.8,14.82,4,29.64,0
2026-08-01 22:35:00,Middle_Back,53.55,5.52,0.66,35.3,2.55,0.15,50.96,15.64,3,36.4,0
2026-08-01 22:36:00,Middle_Back,23.3,3.74,0.49,35.23,5.42,0.24,35.21,13.79,4,15.97,0
2026-08-01 22:37:00,Middle_Back,44.62,0.58,0.86,34.96,26.13,0.8,76.43,10.36,6,87.28,1
2026-08-01 22:38:00,Upper_Back,38.11,0.56,0.86,35.16,41.79,0.74,74.36,13.66,5,77.65,1
2026-08-01 22:39:00,Middle_Back,27.19,2.82,0.58,33.1,22.35,0.62,54.01,10.13,3,46.75,0
2026-08-01 22:40:00,Lower_Back,19.26,6.52,0.48,33.35,37.93,0.44,41.27,6.26,0,36.73,0
2026-08-01 22:41:00,Upper_Back,15.46,1.99,0.49,33.37,20.06,0.47,42.87,19.89,5,22.94,0
2026-08-01 22:42:00,Middle_Back,37.68,4.62,0.84,33.63,31.89,0.83,44.71,6.91,0,90.2,1
2026-08-01 22:43:00,Middle_Back,44.86,1.94,0.46,33.68,32.93,0.82,63.65,6.09,3,93.95,1
2026-08-01 22:44:00,Middle_Back,38.98,2.59,0.37,34.13,7.83,0.22,47.1,18.18,0,22.76,0
2026-08-01 22:45:00,Lower_Back,33.86,6.01,0.27,32.98,16.25,0.7,71.4,9.53,0,66.92,0
2026-08-01 22:46:00,Middle_Back,11.89,5.24,0.57,34.57,28.68,0.21,76.65,14.75,1,35.35,0
2026-08-01 22:47:00,Middle_Back,53.58,1.12,0.59,33.0,3.18,0.22,40.16,9.94,6,30.96,0
2026-08-01 22:48:00,Lower_Back,45.94,3.29,0.87,33.43,16.27,0.59,53.64,10.87,4,63.18,0
2026-08-01 22:49:00,Middle_Back,23.18,0.69,0.38,34.01,24.07,0.37,25.7,8.93,7,42.12,0
2026-08-01 22:50:00,Upper_Back,54.1,3.63,0.5,34.89,44.83,0.8,32.03,10.15,4,87.17,1
2026-08-01 22:51:00,Middle_Back,37.08,4.81,0.85,34.72,21.35,0.12,44.81,11.16,4,53.63,0
2026-08-01 22:52:00,Upper_Back,36.21,1.27,0.86,34.44,36.72,0.46,32.37,15.81,2,64.25,0
2026-08-01 22:53:00,Upper_Back,43.66,2.38,0.51,32.97,19.44,0.78,72.59,12.67,1,64.75,0
2026-08-01 22:54:00,Middle_Back,46.53,3.09,0.57,34.14,35.84,0.77,29.5,19.15,7,92.93,1
2026-08-01 22:55:00,Middle_Back,39.54,6.48,0.44,32.76,26.79,0.18,47.34,5.63,5,51.6,0
2026-08-01 22:56:00,Lower_Back,15.76,6.96,0.95,33.63,39.9,0.34,56.34,12.55,5,57.38,0
2026-08-01 22:57:00,Middle_Back,25.22,0.79,0.29,33.74,18.49,0.55,61.51,13.76,5,30.68,0
2026-08-01 22:58:00,Middle_Back,51.76,5.45,0.95,32.62,27.19,0.18,42.98,18.8,4,59.62,0
2026-08-01 22:59:00,Lower_Back,20.11,2.92,0.75,33.32,28.35,0.82,72.15,5.74,6,71.84,1
2026-08-01 23:00:00,Upper_Back,26.75,3.05,0.63,35.37,18.78,0.78,54.1,13.6,4,52.96,0
2026-08-01 23:01:00,Lower_Back,29.44,5.4,0.23,35.36,6.49,0.18,46.37,17.8,7,26.46,0
2026-08-01 23:02:00,Upper_Back,29.77,6.47,0.58,33.56,4.21,0.15,24.03,8.63,6,42.07,0
2026-08-01 23:03:00,Lower_Back,37.58,6.68,0.53,32.63,0.75,0.12,47.88,18.14,1,5.15,0
2026-08-01 23:04:00,Upper_Back,52.44,4.25,0.33,33.04,39.31,0.78,69.24,5.29,6,66.28,0
2026-08-01 23:05:00,Middle_Back,20.83,2.82,0.73,33.68,10.64,0.2,56.87,15.99,7,32.83,0
2026-08-01 23:06:00,Upper_Back,15.47,5.62,0.98,35.34,9.52,0.38,69.93,19.0,0,20.55,0
2026-08-01 23:07:00,Lower_Back,18.89,2.13,0.65,32.92,33.12,0.41,49.64,14.86,4,61.57,0
2026-08-01 23:08:00,Middle_Back,49.91,4.17,0.77,34.79,14.4,0.53,27.11,11.59,5,59.14,0
2026-08-01 23:09:00,Middle_Back,39.06,2.83,0.25,32.83,22.77,0.11,20.82,5.67,0,43.01,0
2026-08-01 23:10:00,Upper_Back,22.87,4.77,0.53,35.44,7.31,0.23,38.19,18.8,4,2.28,0
2026-08-01 23:11:00,Lower_Back,46.72,2.06,0.29,33.64,43.19,0.8,61.88,12.05,3,85.33,1
2026-08-01 23:12:00,Upper_Back,48.76,1.75,0.69,34.83,38.32,0.78,67.42,5.43,2,86.66,1
2026-08-01 23:13:00,Lower_Back,48.09,6.47,0.95,33.53,38.87,0.68,37.75,15.35,4,97.18,1
2026-08-01 23:14:00,Upper_Back,51.35,1.16,0.73,34.38,18.3,0.07,49.74,12.23,3,60.91,0
2026-08-01 23:15:00,Upper_Back,21.35,3.79,0.26,33.08,34.31,0.31,45.27,6.87,7,58.38,0
2026-08-01 23:16:00,Upper_Back,43.98,1.94,0.48,32.94,6.47,0.55,44.63,8.21,1,32.97,0
2026-08-01 23:17:00,Middle_Back,30.72,0.75,0.64,35.31,0.39,0.27,33.88,5.97,3,8.65,0
2026-08-01 23:18:00,Middle_Back,47.89,0.73,0.52,35.25,0.9,0.78,28.18,13.61,1,33.15,0
2026-08-01 23:19:00,Upper_Back,42.78,1.64,0.87,35.16,26.4,0.56,31.8,14.33,4,54.91,0
2026-08-01 23:20:00,Lower_Back,44.94,6.13,0.85,34.38,20.49,0.11,23.32,12.59,1,50.19,0
2026-08-01 23:21:00,Middle_Back,39.53,2.34,0.69,34.92,23.31,0.78,31.89,17.26,3,65.56,0
2026-08-01 23:22:00,Middle_Back,17.98,6.68,0.5,32.71,0.34,0.82,20.55,17.92,6,17.21,0
2026-08-01 23:23:00,Middle_Back,34.53,4.28,0.4,33.5,19.02,0.11,57.64,14.23,2,27.57,0
2026-08-01 23:24:00,Middle_Back,54.31,3.34,0.28,33.44,32.31,0.48,38.98,5.19,0,70.53,1
2026-08-01 23:25:00,Middle_Back,52.18,4.27,0.48,34.41,19.92,0.29,78.39,15.43,0,51.21,0
2026-08-01 23:26:00,Upper_Back,11.94,3.86,0.53,33.57,32.95,0.36,31.62,11.27,2,45.96,0
2026-08-01 23:27:00,Upper_Back,17.42,5.43,0.74,32.95,10.49,0.19,40.75,13.48,5,24.49,0
2026-08-01 23:28:00,Lower_Back,15.93,2.34,0.73,34.29,36.59,0.51,41.47,14.74,0,75.49,1
2026-08-01 23:29:00,Lower_Back,42.67,2.79,0.26,34.94,26.48,0.82,20.51,10.25,7,75.14,1
2026-08-01 23:30:00,Middle_Back,46.8,6.31,0.52,33.65,9.48,0.45,70.35,18.76,4,40.22,0
2026-08-01 23:31:00,Upper_Back,19.61,6.65,0.35,32.9,10.65,0.12,21.92,7.01,5,3.84,0
2026-08-01 23:32:00,Lower_Back,32.76,6.3,0.33,33.09,28.26,0.55,76.41,15.07,4,65.82,0
2026-08-01 23:33:00,Middle_Back,47.83,3.23,0.86,33.21,37.35,0.32,73.52,5.07,3,48.0,0
2026-08-01 23:34:00,Upper_Back,42.98,5.57,0.23,33.4,18.7,0.73,52.13,18.87,7,55.36,0
2026-08-01 23:35:00,Upper_Back,34.4,3.6,0.54,34.43,11.62,0.4,52.62,6.69,3,30.98,0
2026-08-01 23:36:00,Lower_Back,36.57,3.73,0.33,34.3,39.02,0.2,59.23,6.42,5,51.07,0
2026-08-01 23:37:00,Lower_Back,32.88,1.83,0.9,34.59,30.12,0.2,43.22,10.0,5,49.29,0
2026-08-01 23:38:00,Upper_Back,23.39,4.34,0.65,33.59,20.16,0.67,58.83,10.6,7,60.53,0
2026-08-01 23:39:00,Upper_Back,35.43,1.71,0.39,34.97,21.96,0.26,22.69,8.21,7,42.53,0
2026-08-01 23:40:00,Upper_Back,41.0,2.66,0.6,33.11,9.19,0.66,23.24,13.78,5,43.95,0
2026-08-01 23:41:00,Lower_Back,49.3,6.06,0.79,33.91,28.21,0.21,47.43,11.64,5,66.89,0
2026-08-01 23:42:00,Upper_Back,38.63,1.85,0.97,34.9,16.14,0.31,52.98,5.51,1,40.18,0
2026-08-01 23:43:00,Upper_Back,44.25,0.96,0.38,33.04,44.8,0.42,73.27,9.79,6,89.56,1
2026-08-01 23:44:00,Lower_Back,17.2,0.95,0.91,32.83,21.61,0.8,26.28,17.16,5,61.93,0
2026-08-01 23:45:00,Upper_Back,30.77,6.62,0.95,35.15,21.86,0.8,69.36,15.35,7,51.93,0
2026-08-01 23:46:00,Lower_Back,10.42,3.79,0.93,33.53,25.46,0.22,32.6,15.87,6,60.31,0
2026-08-01 23:47:00,Upper_Back,21.1,3.16,0.71,34.55,41.25,0.34,43.65,15.47,5,62.98,0
2026-08-01 23:48:00,Upper_Back,42.69,5.77,0.7,32.58,36.04,0.17,39.0,9.66,3,49.67,0
2026-08-01 23:49:00,Upper_Back,54.63,5.93,0.52,34.57,20.3,0.46,44.01,6.49,4,41.49,0
2026-08-01 23:50:00,Lower_Back,14.46,2.66,0.8,33.45,32.34,0.42,29.03,9.09,6,62.01,0
2026-08-01 23:51:00,Lower_Back,28.07,5.01,0.63,32.67,26.38,0.77,50.21,17.48,3,65.12,0
2026-08-01 23:52:00,Lower_Back,46.0,5.51,0.74,34.33,22.16,0.79,68.1,19.71,0,86.25,1
2026-08-01 23:53:00,Middle_Back,19.18,4.76,0.54,33.22,8.65,0.36,46.49,12.41,7,25.18,0
2026-08-01 23:54:00,Lower_Back,34.98,1.49,0.79,33.66,20.88,0.44,49.44,5.15,1,43.83,0
2026-08-01 23:55:00,Upper_Back,42.99,6.19,0.86,32.74,11.06,0.77,70.93,7.1,1,60.76,0
2026-08-01 23:56:00,Upper_Back,37.72,4.0,0.32,32.94,41.17,0.7,62.36,9.83,4,84.37,1
2026-08-01 23:57:00,Lower_Back,18.46,2.34,0.87,33.39,15.09,0.05,49.43,13.68,5,32.85,0
2026-08-01 23:58:00,Upper_Back,25.99,3.26,0.63,32.77,42.85,0.31,35.46,6.13,3,64.91,0
2026-08-01 23:59:00,Upper_Back,45.27,0.74,0.88,35.23,23.99,0.39,73.1,19.15,0,52.55,0
2026-08-02 00:00:00,Upper_Back,34.94,1.33,0.55,32.52,28.42,0.23,54.62,10.48,3,48.05,0
2026-08-02 00:01:00,Upper_Back,10.24,5.48,0.5,33.95,24.43,0.21,33.27,18.69,7,43.08,0
2026-08-02 00:02:00,Upper_Back,44.24,0.5,0.93,32.87,5.82,0.08,36.15,16.71,7,35.24,0
2026-08-02 00:03:00,Middle_Back,11.59,3.21,0.4,33.42,16.91,0.56,68.19,16.33,5,36.86,0
2026-08-02 00:04:00,Middle_Back,43.56,3.9,0.88,35.28,4.46,0.26,22.65,14.1,5,45.2,0
2026-08-02 00:05:00,Lower_Back,19.11,0.86,0.59,32.99,28.03,0.09,79.53,14.4,7,24.82,0
2026-08-02 00:06:00,Lower_Back,53.11,6.83,0.61,35.4,20.11,0.23,27.82,14.57,2,70.8,1
2026-08-02 00:07:00,Middle_Back,26.56,1.97,0.45,33.12,35.01,0.69,67.76,14.43,7,54.74,0
2026-08-02 00:08:00,Upper_Back,24.71,2.48,0.66,34.72,9.92,0.73,43.69,13.31,3,32.04,0
2026-08-02 00:09:00,Middle_Back,16.7,2.48,0.46,34.14,7.41,0.44,49.53,19.8,4,24.02,0
2026-08-02 00:10:00,Middle_Back,23.75,2.0,0.23,35.15,18.28,0.38,72.84,15.98,3,34.29,0
2026-08-02 00:11:00,Upper_Back,49.45,0.51,0.42,34.16,41.7,0.83,44.77,16.65,1,91.64,1
2026-08-02 00:12:00,Lower_Back,54.84,5.24,0.21,34.1,31.97,0.21,52.25,18.09,0,47.33,0
2026-08-02 00:13:00,Middle_Back,26.57,6.78,0.98,33.09,18.85,0.22,22.96,8.23,6,42.5,0
2026-08-02 00:14:00,Middle_Back,30.19,1.96,0.97,33.0,23.28,0.28,20.14,6.26,4,39.64,0
2026-08-02 00:15:00,Middle_Back,42.49,4.81,0.52,35.25,3.79,0.19,34.69,12.24,2,24.36,0
2026-08-02 00:16:00,Upper_Back,49.88,5.32,0.78,33.48,44.31,0.35,60.83,12.71,0,72.38,1
2026-08-02 00:17:00,Lower_Back,36.69,6.01,0.48,33.62,29.99,0.78,27.28,17.44,0,67.78,0
2026-08-02 00:18:00,Lower_Back,27.62,3.25,0.74,34.78,12.84,0.54,26.83,11.66,6,41.57,0
2026-08-02 00:19:00,Upper_Back,28.57,2.47,0.84,33.52,26.36,0.38,44.66,13.56,1,40.28,0
2026-08-02 00:20:00,Lower_Back,41.3,2.61,0.96,35.36,4.93,0.8,58.87,12.91,1,56.05,0
2026-08-02 00:21:00,Middle_Back,10.14,5.13,0.52,34.71,43.46,0.09,62.72,5.57,1,55.14,0
2026-08-02 00:22:00,Lower_Back,37.88,5.81,0.83,34.29,7.87,0.22,30.71,14.23,4,28.89,0
2026-08-02 00:23:00,Lower_Back,26.0,1.68,0.41,35.14,29.16,0.5,24.78,17.42,3,45.77,0
2026-08-02 00:24:00,Middle_Back,45.74,2.91,0.99,32.65,11.05,0.54,76.42,7.36,0,55.41,0
2026-08-02 00:25:00,Upper_Back,14.18,6.36,0.22,33.27,32.29,0.08,35.64,13.91,3,28.99,0
2026-08-02 00:26:00,Upper_Back,36.47,5.74,0.68,33.9,34.96,0.37,71.2,13.9,3,69.36,0
2026-08-02 00:27:00,Middle_Back,31.64,6.9,0.73,33.18,30.3,0.57,71.81,7.46,1,52.33,0
2026-08-02 00:28:00,Lower_Back,38.9,5.4,0.75,34.73,27.65,0.61,66.35,6.85,3,52.55,0
2026-08-02 00:29:00,Upper_Back,12.92,3.06,0.3,35.26,40.16,0.56,30.13,19.7,0,44.2,0
2026-08-02 00:30:00,Upper_Back,36.1,4.34,0.95,33.77,3.54,0.31,69.31,10.91,0,17.3,0
2026-08-02 00:31:00,Lower_Back,35.27,4.8,0.34,33.53,14.89,0.12,66.16,8.41,5,36.19,0
2026-08-02 00:32:00,Lower_Back,35.23,1.01,0.7,35.38,11.17,0.39,55.8,7.57,2,34.93,0
2026-08-02 00:33:00,Middle_Back,37.16,4.04,0.38,33.83,44.46,0.15,40.23,15.01,4,69.09,0
2026-08-02 00:34:00,Upper_Back,40.44,5.11,0.45,33.97,17.52,0.81,35.75,14.14,3,50.24,0
2026-08-02 00:35:00,Upper_Back,46.22,1.59,0.64,33.55,32.97,0.43,27.31,14.65,4,63.58,0
2026-08-02 00:36:00,Upper_Back,22.14,5.57,0.53,35.23,30.81,0.3,50.59,6.32,4,46.76,0
2026-08-02 00:37:00,Lower_Back,47.13,4.29,0.33,34.21,9.54,0.66,55.12,18.4,4,54.42,0
2026-08-02 00:38:00,Upper_Back,32.42,6.69,0.34,34.79,10.75,0.45,41.56,10.84,6,33.02,0
2026-08-02 00:39:00,Middle_Back,13.47,0.78,0.53,34.94,12.66,0.3,48.52,9.7,7,33.35,0
2026-08-02 00:40:00,Upper_Back,12.63,2.22,0.81,33.53,18.5,0.7,41.81,11.94,5,36.51,0
2026-08-02 00:41:00,Middle_Back,25.04,4.41,0.92,33.8,10.54,0.74,58.46,10.85,4,61.99,0
2026-08-02 00:42:00,Lower_Back,45.32,2.43,0.27,35.05,0.88,0.59,74.08,17.95,7,42.52,0
2026-08-02 00:43:00,Lower_Back,41.85,5.14,0.51,33.59,39.57,0.09,29.84,18.94,7,52.54,0
2026-08-02 00:44:00,Upper_Back,45.49,5.43,0.28,34.88,43.45,0.5,42.88,9.55,5,75.65,1
2026-08-02 00:45:00,Upper_Back,33.28,1.17,0.21,35.32,15.37,0.66,28.45,17.96,0,26.98,0
2026-08-02 00:46:00,Upper_Back,29.81,3.84,0.73,34.37,15.23,0.16,57.5,16.72,6,39.73,0
2026-08-02 00:47:00,Lower_Back,16.64,3.81,0.68,34.72,0.32,0.23,63.73,18.96,3,39.71,0
2026-08-02 00:48:00,Lower_Back,24.77,2.9,0.33,34.92,30.61,0.76,75.91,8.69,5,62.35,0
2026-08-02 00:49:00,Middle_Back,29.53,6.56,0.39,35.04,37.14,0.07,36.73,13.65,2,48.13,0
2026-08-02 00:50:00,Lower_Back,13.99,5.88,0.22,33.69,6.6,0.65,77.01,9.12,7,20.25,0
2026-08-02 00:51:00,Lower_Back,19.93,5.03,0.87,32.65,7.18,0.43,23.8,17.36,4,36.99,0
2026-08-02 00:52:00,Upper_Back,36.92,5.14,0.98,33.71,35.55,0.41,56.18,5.08,7,61.11,0
2026-08-02 00:53:00,Lower_Back,43.1,3.5,0.31,34.52,27.73,0.06,23.43,13.47,6,42.35,0
2026-08-02 00:54:00,Middle_Back,54.93,6.49,0.39,33.85,2.02,0.71,73.63,10.09,2,33.89,0
2026-08-02 00:55:00,Middle_Back,51.99,5.01,0.89,34.75,28.01,0.34,51.79,9.84,0,67.06,0
2026-08-02 00:56:00,Middle_Back,38.92,5.24,0.94,33.57,13.9,0.48,60.16,14.67,0,54.96,0
2026-08-02 00:57:00,Upper_Back,28.96,6.1,0.54,34.4,16.59,0.59,69.89,17.77,1,41.52,0
2026-08-02 00:58:00,Upper_Back,38.63,2.28,0.24,33.06,34.64,0.61,29.02,14.14,4,53.25,0
2026-08-02 00:59:00,Lower_Back,45.35,5.75,0.23,34.75,36.49,0.81,22.32,17.8,1,92.84,1
2026-08-02 01:00:00,Upper_Back,15.33,1.77,0.66,34.14,18.02,0.48,72.73,8.97,6,32.76,0
2026-08-02 01:01:00,Lower_Back,28.45,2.74,0.51,33.11,42.62,0.37,38.9,12.79,2,44.92,0
2026-08-02 01:02:00,Upper_Back,47.79,2.68,0.22,33.38,18.29,0.81,27.74,11.76,7,63.81,0
2026-08-02 01:03:00,Middle_Back,27.27,6.86,0.67,34.75,34.73,0.56,48.11,5.17,3,52.23,0
2026-08-02 01:04:00,Upper_Back,35.73,6.07,0.21,33.95,21.77,0.29,55.9,13.35,1,44.66,0
2026-08-02 01:05:00,Middle_Back,36.45,5.06,0.83,33.15,40.39,0.15,21.86,14.92,0,51.68,0
2026-08-02 01:06:00,Lower_Back,18.3,5.23,0.45,35.4,40.85,0.72,36.49,13.88,4,79.15,1
2026-08-02 01:07:00,Upper_Back,26.3,4.15,0.23,34.65,3.93,0.34,21.97,16.04,7,31.79,0
2026-08-02 01:08:00,Middle_Back,25.05,6.66,0.67,35.37,42.14,0.58,45.22,13.57,2,56.92,0
2026-08-02 01:09:00,Middle_Back,11.18,3.73,0.52,33.78,37.15,0.43,73.71,6.0,5,51.15,0
2026-08-02 01:10:00,Lower_Back,11.09,2.97,0.98,33.93,35.61,0.21,78.96,6.75,6,58.91,0
2026-08-02 01:11:00,Lower_Back,47.43,1.56,0.64,35.19,9.04,0.53,58.22,13.95,6,69.35,0
2026-08-02 01:12:00,Lower_Back,22.29,5.61,0.42,34.08,36.23,0.1,29.7,9.12,0,36.89,0
2026-08-02 01:13:00,Upper_Back,33.31,5.27,0.77,34.62,38.26,0.38,74.35,6.19,5,61.07,0
2026-08-02 01:14:00,Upper_Back,23.44,3.0,0.42,33.26,13.01,0.49,50.97,11.44,6,39.25,0
2026-08-02 01:15:00,Upper_Back,52.33,0.66,0.92,33.84,42.85,0.4,29.22,13.31,3,70.72,1
2026-08-02 01:16:00,Middle_Back,21.67,5.95,0.5,32.87,2.24,0.65,75.3,9.93,7,36.61,0
2026-08-02 01:17:00,Upper_Back,29.33,0.57,0.64,33.12,6.75,0.71,65.45,15.81,4,24.14,0
2026-08-02 01:18:00,Middle_Back,49.27,5.07,0.24,32.5,24.19,0.67,63.9,14.66,7,89.88,1
2026-08-02 01:19:00,Middle_Back,47.89,6.81,0.54,32.62,25.91,0.08,62.55,9.99,3,34.25,0
2026-08-02 01:20:00,Middle_Back,18.37,3.34,0.87,35.43,29.03,0.21,32.02,16.32,6,42.39,0
2026-08-02 01:21:00,Lower_Back,46.12,2.03,0.84,33.23,0.76,0.48,32.66,14.73,3,38.88,0
2026-08-02 01:22:00,Upper_Back,30.62,5.08,0.38,34.49,43.22,0.8,61.3,14.56,7,100.0,1
2026-08-02 01:23:00,Upper_Back,31.73,5.81,0.38,35.02,2.01,0.72,33.18,13.3,6,19.22,0
2026-08-02 01:24:00,Lower_Back,16.01,4.05,0.85,34.15,6.44,0.72,46.32,5.17,4,61.45,0
2026-08-02 01:25:00,Middle_Back,13.63,6.79,0.94,32.96,0.63,0.29,66.92,15.45,4,25.84,0
2026-08-02 01:26:00,Lower_Back,42.76,0.84,0.28,34.68,25.51,0.39,67.04,10.64,5,64.08,0
2026-08-02 01:27:00,Middle_Back,32.34,3.78,0.56,34.3,41.95,0.43,47.2,19.14,3,57.53,0
2026-08-02 01:28:00,Upper_Back,29.66,5.17,0.47,34.69,29.97,0.18,67.53,17.27,2,47.74,0
2026-08-02 01:29:00,Lower_Back,42.83,6.11,0.9,34.81,37.02,0.07,70.32,13.82,5,61.53,0
2026-08-02 01:30:00,Lower_Back,44.45,1.67,0.27,35.43,0.6,0.81,59.29,8.78,4,59.01,0
2026-08-02 01:31:00,Lower_Back,17.15,5.7,0.37,34.22,24.39,0.24,33.71,8.06,0,23.52,0
2026-08-02 01:32:00,Upper_Back,37.46,4.09,0.8,33.52,20.68,0.24,36.44,10.11,6,42.87,0
2026-08-02 01:33:00,Middle_Back,16.09,3.08,0.24,34.45,22.45,0.12,38.89,12.15,5,21.42,0
2026-08-02 01:34:00,Middle_Back,43.81,1.36,0.59,32.71,3.25,0.79,27.01,9.44,1,30.65,0
2026-08-02 01:35:00,Upper_Back,39.56,6.12,0.55,35.19,30.8,0.51,36.39,12.72,2,64.27,0
2026-08-02 01:36:00,Lower_Back,53.05,1.52,0.47,32.86,22.64,0.58,32.57,7.48,6,73.63,1
2026-08-02 01:37:00,Upper_Back,13.1,2.51,0.52,33.48,34.43,0.78,47.32,19.67,5,73.32,1
2026-08-02 01:38:00,Lower_Back,12.57,2.39,0.62,34.95,21.84,0.33,74.51,6.62,4,25.11,0
2026-08-02 01:39:00,Middle_Back,22.7,6.16,0.33,34.29,6.72,0.55,26.27,18.98,7,40.9,0
